date,VIXCLS,DGS3MO,T10Y2Y,DTWEXBGS,DCOILWTICO,BAMLH0A0HYM2,SOFR,EFFR
2019-01-02,23.22,2.42,0.16,115.7689,46.31,,3.15,2.4
2019-01-03,25.45,2.41,0.17,115.4622,46.92,,2.7,2.4
2019-01-04,21.38,2.42,0.17,114.9821,47.76,,2.45,2.4
2019-01-07,21.4,2.45,0.17,114.5628,48.27,,2.41,2.4
2019-01-08,20.47,2.46,0.15,114.7281,49.58,,2.42,2.4
2019-01-09,19.98,2.45,0.18,114.1406,52.19,,2.45,2.4
2019-01-10,19.5,2.43,0.18,114.0496,52.42,,2.43,2.4
2019-01-11,18.19,2.43,0.16,114.0404,51.44,,2.41,2.4
2019-01-14,19.07,2.45,0.18,,50.31,,2.4,2.4
2019-01-15,18.6,2.45,0.19,114.3402,51.8,,2.46,2.4
2019-01-16,19.04,2.43,0.18,114.137,52.08,,2.43,2.4
2019-01-17,18.06,2.42,0.19,114.4115,51.83,,2.41,2.4
2019-01-18,17.8,2.41,0.17,114.558,53.6,,2.42,2.4
2019-01-22,20.8,2.43,0.16,114.7541,52.59,,2.41,2.4
2019-01-23,19.52,2.41,0.18,114.5759,52.44,,2.4,2.4
2019-01-24,18.89,2.37,0.16,114.617,52.94,,2.41,2.4
2019-01-25,17.42,2.39,0.16,114.0197,53.53,,2.4,2.4
2019-01-28,18.87,2.42,0.15,114.0522,51.79,,2.39,2.4
2019-01-29,19.13,2.42,0.16,114.026,53.07,,2.4,2.4
2019-01-30,17.66,2.42,0.18,114.0731,54.18,,2.39,2.4
2019-01-31,16.57,2.41,0.18,113.5504,53.84,,2.58,2.4
2019-02-01,16.14,2.4,0.18,113.7548,55.29,,2.47,2.4
2019-02-04,15.73,2.42,0.2,113.8766,54.57,,2.4,2.4
2019-02-05,15.57,2.42,0.18,114.0431,53.69,,2.4,2.4
2019-02-06,15.38,2.42,0.18,114.2305,53.94,,2.38,2.4
2019-02-07,16.37,2.42,0.17,114.4339,52.68,,2.38,2.4
2019-02-08,15.72,2.43,0.18,114.5003,52.75,,2.37,2.4
2019-02-11,15.97,2.45,0.17,115.031,52.43,,2.4,2.4
2019-02-12,15.43,2.43,0.18,114.7297,53.14,,2.39,2.4
2019-02-13,15.65,2.44,0.18,114.9407,53.84,,2.38,2.4
2019-02-14,16.22,2.43,0.16,115.1007,54.4,,2.39,2.4
2019-02-15,14.91,2.43,0.14,114.9923,55.58,,2.43,2.4
2019-02-19,14.88,2.45,0.15,114.57,56.12,,2.4,2.4
2019-02-20,14.02,2.45,0.15,,56.9,,2.39,2.4
2019-02-21,14.46,2.45,0.16,114.5091,56.95,,2.39,2.4
2019-02-22,13.51,2.46,0.17,114.2716,57.01,,2.4,2.4
2019-02-25,14.85,2.47,0.16,114.1457,55.32,,2.38,2.4
2019-02-26,15.17,2.45,0.16,114.0687,55.4,,2.38,2.4
2019-02-27,14.7,2.45,0.19,114.0363,56.92,,2.37,2.4
2019-02-28,14.78,2.45,0.21,114.1991,57.21,,2.58,2.4
2019-03-01,13.57,2.44,0.21,114.537,55.76,,2.38,2.4
2019-03-04,14.63,2.46,0.17,114.6925,56.6,,2.38,2.4
2019-03-05,14.74,2.46,0.17,114.804,56.55,,2.38,2.4
2019-03-06,15.74,2.47,0.17,114.9714,56.22,,2.38,2.4
2019-03-07,16.59,2.45,0.17,115.4919,56.6,,2.38,2.4
2019-03-08,16.05,2.46,0.17,115.3599,55.77,,2.39,2.4
2019-03-11,14.33,2.46,0.17,115.2967,56.79,,2.38,2.4
2019-03-12,13.77,2.46,0.16,114.939,56.89,,2.39,2.4
2019-03-13,13.41,2.45,0.16,114.7372,58.27,,2.4,2.4
2019-03-14,13.5,2.45,0.17,114.79,58.59,,2.42,2.4
2019-03-15,12.88,2.45,0.16,114.5815,58.51,,2.46,2.4
2019-03-18,13.1,2.44,0.15,114.4375,59.09,,2.41,2.4
2019-03-19,13.56,2.46,0.15,114.2324,59.12,,2.42,2.4
2019-03-20,13.91,2.48,0.14,114.1509,60.12,,2.47,2.41
2019-03-21,13.63,2.49,0.13,114.1684,59.98,,2.44,2.41
2019-03-22,16.48,2.46,0.13,114.6856,58.87,,2.4,2.41
2019-03-25,16.33,2.46,0.17,114.4171,58.71,,2.4,2.4
2019-03-26,14.68,2.46,0.17,114.6414,59.87,,2.4,2.4
2019-03-27,15.15,2.44,0.17,115.1243,59.39,,2.4,2.41
2019-03-28,14.43,2.43,0.16,115.2581,59.29,,2.43,2.41
2019-03-29,13.71,2.4,0.14,115.1371,60.19,,2.65,2.43
2019-04-01,13.4,2.43,0.16,114.9362,61.59,,2.46,2.41
2019-04-02,13.36,2.42,0.18,115.1173,62.53,,2.46,2.41
2019-04-03,13.74,2.44,0.19,114.7211,62.46,,2.47,2.41
2019-04-04,13.58,2.44,0.18,114.9697,62.12,,2.46,2.41
2019-04-05,12.82,2.44,0.15,114.9726,63.1,,2.46,2.41
2019-04-08,13.18,2.43,0.16,114.6893,64.37,,2.46,2.41
2019-04-09,14.28,2.42,0.16,114.5321,64.05,,2.45,2.41
2019-04-10,13.3,2.43,0.17,114.4269,64.62,,2.45,2.41
2019-04-11,13.02,2.43,0.16,114.6303,63.61,,2.44,2.41
2019-04-12,12.01,2.44,0.16,114.3531,63.86,,2.44,2.41
2019-04-15,12.32,2.43,0.15,114.495,63.43,,2.47,2.41
2019-04-16,12.18,2.43,0.19,114.6756,64.01,,2.47,2.41
2019-04-17,12.6,2.44,0.19,114.5141,63.74,,2.5,2.42
2019-04-18,12.09,2.42,0.19,114.7073,64.02,,2.5,2.43
2019-04-19,,,,114.6977,,,,2.44
2019-04-22,12.42,2.44,0.21,114.7694,65.66,,2.46,2.44
2019-04-23,12.28,2.45,0.21,115.1578,66.24,,2.46,2.44
2019-04-24,13.14,2.44,0.21,115.4187,65.96,,2.44,2.44
2019-04-25,13.25,2.43,0.21,115.7709,65.23,,2.45,2.44
2019-04-26,12.73,2.42,0.23,115.4767,63.29,,2.46,2.44
2019-04-29,13.11,2.44,0.24,115.5227,63.39,,2.48,2.45
2019-04-30,13.12,2.43,0.24,115.3281,63.83,,2.76,2.45
2019-05-01,14.8,2.43,0.21,115.0022,63.55,,2.54,2.45
2019-05-02,14.42,2.47,0.2,115.5617,61.75,,2.5,2.41
2019-05-03,12.87,2.43,0.21,115.2646,61.98,,2.43,2.4
2019-05-06,15.44,2.44,0.2,115.3811,62.3,,2.42,2.4
2019-05-07,19.32,2.43,0.17,115.6116,61.41,,2.44,2.4
2019-05-08,19.4,2.43,0.19,115.5171,62.13,,2.43,2.39
2019-05-09,19.1,2.43,0.19,115.8421,61.58,,2.41,2.38
2019-05-10,16.04,2.43,0.21,115.5334,61.65,,2.4,2.38
2019-05-13,20.55,2.41,0.22,115.915,60.97,,2.38,2.38
2019-05-14,18.06,2.41,0.22,115.9425,61.82,,2.39,2.38
2019-05-15,16.44,2.42,0.21,115.8565,62.03,,2.48,2.4
2019-05-16,15.29,2.4,0.2,116.0346,62.93,,2.43,2.39
2019-05-17,15.96,2.39,0.19,116.448,62.77,,2.42,2.39
2019-05-20,16.31,2.39,0.2,116.3119,63.12,,2.39,2.39
2019-05-21,14.95,2.39,0.17,116.2844,63.02,,2.38,2.39
2019-05-22,14.75,2.38,0.16,116.2412,61.42,,2.37,2.38
2019-05-23,16.92,2.37,0.19,116.2368,57.65,,2.37,2.38
2019-05-24,15.85,2.35,0.16,116.0806,58.4,,2.37,2.38
2019-05-28,17.5,2.37,0.14,116.3174,58.91,,2.41,2.39
2019-05-29,17.9,2.37,0.16,116.5535,58.84,,2.4,2.39
2019-05-30,17.3,2.38,0.16,116.3989,56.47,,2.4,2.39
2019-05-31,18.71,2.35,0.19,116.7273,53.49,,2.49,2.4
2019-06-03,18.86,2.35,0.25,116.4764,53.25,,2.4,2.38
2019-06-04,16.97,2.35,0.24,116.091,53.5,,2.39,2.38
2019-06-05,16.09,2.35,0.29,116.03,51.57,,2.4,2.38
2019-06-06,15.93,2.33,0.24,115.9771,52.59,,2.4,2.37
2019-06-07,16.3,2.28,0.24,115.7368,53.95,,2.39,2.37
2019-06-10,15.94,2.29,0.25,115.5001,53.33,,2.39,2.37
2019-06-11,15.99,2.27,0.22,115.3794,53.3,,2.38,2.37
2019-06-12,15.91,2.24,0.25,115.438,51.13,,2.37,2.37
2019-06-13,15.82,2.19,0.27,115.6275,52.38,,2.35,2.37
2019-06-14,15.28,2.2,0.25,115.9057,52.47,,2.35,2.36
2019-06-17,15.35,2.23,0.23,115.9684,51.94,,2.41,2.38
2019-06-18,15.15,2.22,0.2,115.8797,53.86,,2.39,2.37
2019-06-19,14.33,2.18,0.29,115.7889,53.74,,2.36,2.37
2019-06-20,14.75,2.14,0.29,114.8046,56.88,,2.36,2.37
2019-06-21,15.4,2.11,0.3,114.8377,57.35,,2.37,2.38
2019-06-24,15.26,2.13,0.3,114.6559,57.73,,2.39,2.38
2019-06-25,16.28,2.12,0.29,114.6363,57.63,,2.41,2.38
2019-06-26,16.21,2.15,0.28,114.5608,59.17,,2.43,2.38
2019-06-27,15.82,2.14,0.27,114.665,59.18,,2.42,2.38
2019-06-28,15.08,2.12,0.25,114.5821,58.2,,2.5,2.4
2019-07-01,14.06,2.21,0.25,114.7239,58.91,,2.42,2.39
2019-07-02,12.93,2.2,0.21,114.8258,56.0,,2.51,2.4
2019-07-03,12.57,2.21,0.19,114.8135,57.06,,2.56,2.41
2019-07-05,13.28,2.23,0.17,115.1132,,,2.59,2.42
2019-07-08,13.96,2.26,0.17,115.0254,57.35,,2.48,2.41
2019-07-09,14.09,2.26,0.15,115.1017,57.57,,2.45,2.41
2019-07-10,13.03,2.2,0.25,115.0879,60.28,,2.46,2.41
2019-07-11,12.93,2.17,0.28,114.8361,59.93,,2.41,2.4
2019-07-12,12.39,2.14,0.28,114.7685,59.99,,2.36,2.38
2019-07-15,12.68,2.16,0.26,114.6819,59.3,,2.46,2.4
2019-07-16,12.86,2.15,0.26,115.0111,57.44,,2.47,2.41
2019-07-17,13.97,2.14,0.23,114.8819,56.5,,2.47,2.41
2019-07-18,13.53,2.05,0.27,114.8744,55.08,,2.46,2.41
2019-07-19,14.45,2.06,0.25,114.8695,55.42,,2.41,2.41
2019-07-22,13.53,2.09,0.25,115.0018,55.87,,2.4,2.4
2019-07-23,12.61,2.06,0.25,115.2995,56.58,,2.4,2.4
2019-07-24,12.07,2.1,0.22,115.2436,55.9,,2.41,2.4
2019-07-25,12.74,2.1,0.22,115.2982,55.88,,2.42,2.4
2019-07-26,12.16,2.12,0.22,115.5449,56.04,,2.41,2.4
2019-07-29,12.83,2.12,0.21,115.5885,56.85,,2.4,2.4
2019-07-30,13.94,2.08,0.21,115.6211,58.04,,2.39,2.39
2019-07-31,16.12,2.08,0.13,115.4946,58.53,,2.55,2.4
2019-08-01,17.87,2.07,0.17,116.0499,53.64,,2.19,2.14
2019-08-02,17.61,2.06,0.14,116.1864,55.67,,2.19,2.14
2019-08-05,24.59,2.05,0.16,116.5851,54.63,,2.13,2.13
2019-08-06,20.17,2.05,0.13,116.6904,53.6,,2.11,2.13
2019-08-07,19.49,2.02,0.12,116.7987,51.14,,2.1,2.12
2019-08-08,16.91,2.02,0.1,116.474,52.6,,2.09,2.12
2019-08-09,17.97,2.0,0.11,116.4419,54.41,,2.11,2.12
2019-08-12,21.09,2.0,0.07,116.7548,54.98,,2.12,2.12
2019-08-13,17.52,2.0,0.02,116.7267,57.05,,2.16,2.12
2019-08-14,22.1,1.96,0.01,117.0913,55.16,,2.13,2.12
2019-08-15,21.18,1.91,0.04,117.2239,54.51,,2.18,2.13
2019-08-16,18.47,1.87,0.07,117.0786,54.83,,2.13,2.13
2019-08-19,16.88,1.94,0.07,117.3886,56.24,,2.11,2.13
2019-08-20,17.5,1.94,0.05,117.3726,56.18,,2.13,2.13
2019-08-21,15.8,1.97,0.03,117.1764,55.65,,2.1,2.12
2019-08-22,16.68,2.0,0.01,117.3558,55.33,,2.09,2.12
2019-08-23,19.87,1.97,0.01,117.3009,54.08,,2.1,2.12
2019-08-26,19.32,2.01,0.0,117.6658,53.54,,2.1,2.12
2019-08-27,20.31,1.98,-0.04,117.75,54.99,,2.15,2.12
2019-08-28,19.35,1.99,-0.03,117.8767,55.76,,2.12,2.12
2019-08-29,17.88,1.99,-0.03,118.0625,56.67,,2.12,2.12
2019-08-30,18.98,1.99,0.0,118.1575,55.07,,2.16,2.13
2019-09-03,19.66,1.98,0.0,118.3113,53.91,,2.17,2.13
2019-09-04,17.33,1.97,0.04,117.6729,56.22,,2.21,2.13
2019-09-05,16.27,1.97,0.02,117.4776,56.33,,2.21,2.13
2019-09-06,15.0,1.96,0.02,117.1292,56.45,,2.15,2.12
2019-09-09,15.27,1.96,0.05,117.0601,57.88,,2.12,2.13
2019-09-10,15.2,1.95,0.05,117.0887,57.37,,2.14,2.13
2019-09-11,14.61,1.96,0.07,117.3125,55.66,,2.15,2.13
2019-09-12,14.22,1.95,0.07,116.8375,55.13,,2.2,2.13
2019-09-13,13.74,1.96,0.11,116.7677,54.76,,2.2,2.14
2019-09-16,14.67,1.99,0.1,117.0251,63.1,,2.43,2.25
2019-09-17,14.44,1.99,0.09,116.9826,59.26,,5.25,2.3
2019-09-18,13.95,1.95,0.03,116.9766,58.19,,2.55,2.25
2019-09-19,14.05,1.93,0.05,117.0861,58.19,,1.95,1.9
2019-09-20,15.32,1.91,0.05,117.1819,57.92,,1.86,1.9
2019-09-23,14.91,1.94,0.04,117.2986,58.69,,1.85,1.9
2019-09-24,17.05,1.92,0.04,117.2227,57.22,,1.96,1.9
2019-09-25,15.96,1.89,0.05,117.6527,56.38,,2.01,1.9
2019-09-26,16.07,1.83,0.04,117.7267,56.24,,1.85,1.85
2019-09-27,17.22,1.8,0.06,117.7218,55.95,,1.82,1.83
2019-09-30,16.24,1.88,0.05,117.9461,54.09,,2.35,1.9
2019-10-01,18.56,1.82,0.09,117.9595,53.6,,1.88,1.88
2019-10-02,20.56,1.79,0.12,117.9671,52.67,,1.85,1.85
2019-10-03,19.12,1.7,0.15,117.6608,52.41,,1.84,1.83
2019-10-04,17.04,1.71,0.12,117.5288,52.84,,1.82,1.82
2019-10-07,17.86,1.75,0.1,117.5533,52.76,,1.83,1.82
2019-10-08,20.28,1.72,0.12,117.7407,52.64,,1.85,1.82
2019-10-09,18.64,1.69,0.12,117.6835,52.63,,1.85,1.82
2019-10-10,17.57,1.68,0.14,117.2801,53.57,,1.85,1.82
2019-10-11,15.58,1.68,0.13,116.8239,54.76,,1.85,1.82
2019-10-15,13.54,1.67,0.16,116.8111,52.81,,2.0,1.9
2019-10-16,13.68,1.66,0.17,116.6425,53.42,,2.05,1.9
2019-10-17,13.79,1.66,0.16,116.2615,53.89,,1.95,1.85
2019-10-18,14.25,1.66,0.18,116.1344,53.75,,1.88,1.85
2019-10-21,14.0,1.67,0.18,116.0436,53.28,,1.86,1.85
2019-10-22,14.46,1.65,0.18,115.9851,54.21,,1.87,1.85
2019-10-23,14.01,1.65,0.19,116.0586,55.9,,1.87,1.85
2019-10-24,13.71,1.67,0.19,116.1278,56.11,,1.86,1.85
2019-10-25,12.65,1.66,0.17,116.0774,56.52,,1.84,1.83
2019-10-28,13.11,1.65,0.21,116.0222,55.6,,1.82,1.83
2019-10-29,13.2,1.63,0.2,115.9797,55.34,,1.81,1.82
2019-10-30,12.33,1.62,0.17,116.1636,54.85,,1.82,1.82
2019-10-31,13.22,1.54,0.17,115.9125,54.02,,1.76,1.58
2019-11-01,12.3,1.52,0.17,115.7312,56.04,,1.58,1.57
2019-11-04,12.83,1.53,0.19,115.8624,56.33,,1.56,1.56
2019-11-05,13.1,1.56,0.23,116.1138,57.04,,1.58,1.56
2019-11-06,12.62,1.56,0.2,116.1004,56.15,,1.57,1.55
2019-11-07,12.73,1.56,0.24,116.1172,56.91,,1.56,1.55
2019-11-08,12.07,1.55,0.26,116.3436,57.02,,1.56,1.55
2019-11-12,12.68,1.59,0.26,116.5837,56.67,,1.57,1.55
2019-11-13,13.0,1.57,0.25,116.8397,56.88,,1.57,1.55
2019-11-14,13.05,1.57,0.24,116.8022,56.57,,1.58,1.55
2019-11-15,12.05,1.57,0.23,116.4401,57.54,,1.59,1.55
2019-11-18,12.46,1.57,0.21,116.3625,56.82,,1.56,1.55
2019-11-19,12.86,1.57,0.19,116.5391,54.93,,1.57,1.55
2019-11-20,12.78,1.57,0.17,116.828,56.71,,1.57,1.55
2019-11-21,13.13,1.58,0.17,116.7435,58.36,,1.58,1.55
2019-11-22,12.34,1.58,0.16,116.9137,57.68,,1.58,1.55
2019-11-25,11.87,1.61,0.15,117.0098,57.79,,1.56,1.55
2019-11-26,11.54,1.6,0.16,117.0513,58.25,,1.54,1.55
2019-11-27,11.75,1.62,0.14,117.1273,58.12,,1.55,1.55
2019-11-29,12.62,1.59,0.17,117.1204,58.12,,1.65,1.56
2019-12-02,14.91,1.6,0.22,116.9647,55.97,,1.63,1.56
2019-12-03,15.96,1.57,0.19,116.8898,56.15,,1.55,1.55
2019-12-04,14.8,1.55,0.19,116.692,58.46,,1.54,1.55
2019-12-05,14.52,1.54,0.22,116.3838,58.42,,1.55,1.55
2019-12-06,13.62,1.53,0.23,116.5381,59.2,,1.55,1.55
2019-12-09,15.86,1.54,0.2,116.3283,58.99,,1.56,1.55
2019-12-10,15.68,1.56,0.2,116.2542,59.22,,1.55,1.55
2019-12-11,14.99,1.57,0.18,116.1478,58.74,,1.54,1.55
2019-12-12,13.94,1.56,0.24,115.8741,59.18,,1.53,1.55
2019-12-13,12.63,1.57,0.21,115.6967,60.11,,1.54,1.55
2019-12-16,12.14,1.57,0.24,115.555,60.21,,1.62,1.56
2019-12-17,12.29,1.56,0.26,115.5553,60.88,,1.54,1.55
2019-12-18,12.58,1.56,0.29,115.6618,60.93,,1.53,1.55
2019-12-19,12.5,1.57,0.3,115.5988,61.3,,1.53,1.55
2019-12-20,12.51,1.58,0.29,115.7598,60.43,,1.53,1.55
2019-12-23,12.61,1.59,0.29,115.8059,60.51,,1.52,1.55
2019-12-24,12.67,1.58,0.28,,61.17,,1.52,1.55
2019-12-26,12.65,1.58,0.26,115.634,61.72,,1.52,1.55
2019-12-27,13.43,1.57,0.29,115.22,61.76,,1.53,1.55
2019-12-30,14.82,1.57,0.32,114.9631,61.66,,1.54,1.55
2019-12-31,13.78,1.55,0.34,114.669,61.14,,1.55,1.55
2020-01-02,12.47,1.54,0.3,114.9745,61.17,,1.54,1.55
2020-01-03,14.02,1.52,0.27,114.9867,63.0,,1.55,1.55
2020-01-06,13.85,1.56,0.27,114.9557,63.27,,1.55,1.55
2020-01-07,13.79,1.54,0.29,115.1477,62.7,,1.56,1.55
2020-01-08,13.45,1.54,0.29,115.1328,59.65,,1.55,1.55
2020-01-09,12.54,1.54,0.27,115.2331,59.56,,1.55,1.55
2020-01-10,12.56,1.54,0.27,115.0677,59.02,,1.55,1.54
2020-01-13,12.32,1.57,0.27,115.0342,58.17,,1.54,1.54
2020-01-14,12.39,1.57,0.24,115.0239,58.34,,1.55,1.54
2020-01-15,12.42,1.57,0.23,114.9528,57.86,,1.56,1.54
2020-01-16,12.32,1.55,0.23,115.0006,58.52,,1.55,1.54
2020-01-17,12.1,1.56,0.26,115.0656,58.55,,1.54,1.55
2020-01-21,12.85,1.56,0.25,115.1876,58.25,,1.54,1.55
2020-01-22,12.91,1.55,0.24,115.2273,56.76,,1.54,1.55
2020-01-23,12.98,1.55,0.23,115.5545,55.51,,1.54,1.55
2020-01-24,14.56,1.54,0.21,115.5556,54.09,,1.53,1.55
2020-01-27,18.23,1.55,0.17,115.8004,53.09,,1.53,1.55
2020-01-28,16.28,1.57,0.2,115.7239,53.33,,1.53,1.55
2020-01-29,16.39,1.56,0.18,115.7003,53.29,,1.53,1.55
2020-01-30,15.49,1.57,0.16,115.8077,52.19,,1.58,1.6
2020-01-31,18.84,1.55,0.18,115.7345,51.58,,1.6,1.59
2020-02-03,17.97,1.57,0.18,116.1172,50.06,,1.59,1.59
2020-02-04,16.05,1.57,0.2,115.9291,49.59,,1.6,1.59
2020-02-05,15.15,1.57,0.22,116.009,50.87,,1.59,1.59
2020-02-06,14.96,1.57,0.21,116.1518,50.94,,1.59,1.59
2020-02-07,15.47,1.56,0.18,116.5086,50.34,,1.58,1.58
2020-02-10,15.04,1.58,0.19,116.5711,49.59,,1.58,1.58
2020-02-11,15.18,1.57,0.18,116.3585,50.0,,1.58,1.58
2020-02-12,13.74,1.58,0.18,116.2794,51.13,,1.57,1.58
2020-02-13,14.15,1.59,0.17,116.3999,51.41,,1.57,1.58
2020-02-14,13.68,1.58,0.17,116.4223,52.03,,1.58,1.58
2020-02-18,14.83,1.58,0.14,116.6039,52.1,,1.6,1.59
2020-02-19,14.38,1.58,0.14,116.7829,53.31,,1.59,1.59
2020-02-20,15.56,1.58,0.13,117.2454,53.77,,1.6,1.59
2020-02-21,17.08,1.56,0.12,117.0473,53.36,,1.58,1.58
2020-02-24,25.03,1.53,0.12,117.4018,51.36,,1.58,1.58
2020-02-25,27.85,1.53,0.13,117.2425,49.78,,1.59,1.58
2020-02-26,27.56,1.53,0.17,117.405,48.67,,1.58,1.58
2020-02-27,39.16,1.45,0.19,117.3678,47.17,,1.58,1.58
2020-02-28,40.11,1.27,0.27,117.6568,44.83,,1.6,1.58
2020-03-02,33.42,1.13,0.26,116.8144,46.78,,1.59,1.59
2020-03-03,36.82,0.95,0.31,116.4958,47.27,,1.64,1.59
2020-03-04,31.99,0.72,0.35,116.7802,46.78,,1.23,1.09
2020-03-05,39.62,0.62,0.33,116.7901,45.9,,1.12,1.09
2020-03-06,41.94,0.45,0.25,116.7106,41.14,,1.1,1.09
2020-03-09,54.46,0.33,0.16,117.1871,31.05,,1.09,1.09
2020-03-10,47.3,0.44,0.26,117.9027,34.47,,1.11,1.09
2020-03-11,53.9,0.42,0.32,118.2505,33.13,,1.15,1.09
2020-03-12,75.47,0.33,0.38,120.4883,31.56,,1.2,1.1
2020-03-13,57.83,0.28,0.45,120.4388,31.72,,1.1,1.1
2020-03-16,82.69,0.24,0.37,120.9352,28.96,,0.26,0.25
2020-03-17,75.91,0.19,0.55,122.4816,26.96,,0.54,0.25
2020-03-18,76.45,0.02,0.64,124.1623,20.48,,0.1,0.25
2020-03-19,72.0,0.04,0.68,125.0587,25.09,,0.06,0.2
2020-03-20,66.04,0.05,0.55,124.9362,19.48,,0.04,0.15
2020-03-23,61.59,0.02,0.48,126.1262,23.33,,0.02,0.15
2020-03-24,61.67,0.01,0.46,125.5001,21.03,,0.01,0.12
2020-03-25,63.95,0.0,0.54,124.7916,20.75,,0.01,0.1
2020-03-26,61.0,0.0,0.53,122.4308,16.6,,0.01,0.1
2020-03-27,65.54,0.03,0.47,122.4007,15.48,,0.01,0.1
2020-03-30,57.08,0.12,0.47,123.2883,14.1,,0.01,0.09
2020-03-31,53.54,0.11,0.47,122.5301,20.51,,0.01,0.08
2020-04-01,57.06,0.09,0.39,123.7933,20.28,,0.01,0.06
2020-04-02,50.91,0.09,0.4,123.5916,25.18,,0.01,0.05
2020-04-03,46.8,0.1,0.39,124.4152,28.36,,0.01,0.05
2020-04-06,45.24,0.15,0.4,124.16,26.21,,0.01,0.05
2020-04-07,46.7,0.14,0.47,123.0956,23.54,,0.01,0.05
2020-04-08,43.35,0.22,0.5,123.2216,24.97,,0.01,0.05
2020-04-09,41.67,0.25,0.5,122.476,22.9,,0.01,0.05
2020-04-10,,,,122.1592,,,,0.05
2020-04-13,41.17,0.26,0.51,122.5203,22.36,,0.02,0.05
2020-04-14,37.76,0.2,0.53,122.1121,20.15,,0.06,0.05
2020-04-15,40.84,0.14,0.43,123.0752,19.96,,0.03,0.05
2020-04-16,40.11,0.14,0.41,123.4615,19.82,,0.03,0.05
2020-04-17,38.15,0.12,0.45,122.871,18.31,,0.03,0.05
2020-04-20,43.83,0.12,0.43,123.1033,-36.98,,0.02,0.05
2020-04-21,45.41,0.11,0.38,123.9116,8.91,,0.01,0.05
2020-04-22,41.98,0.12,0.41,123.9256,13.64,,0.01,0.05
2020-04-23,41.38,0.11,0.39,123.7542,15.06,,0.01,0.04
2020-04-24,35.93,0.12,0.38,124.1615,15.99,,0.03,0.05
2020-04-27,33.29,0.12,0.43,123.8843,12.17,,0.03,0.04
2020-04-28,33.57,0.11,0.42,123.3693,12.4,,0.01,0.04
2020-04-29,31.23,0.1,0.43,122.7782,15.04,,0.01,0.04
2020-04-30,34.15,0.09,0.44,122.327,19.23,,0.04,0.05
2020-05-01,37.19,0.12,0.44,123.1492,19.72,,0.03,0.05
2020-05-04,35.97,0.13,0.45,123.2117,20.47,,0.05,0.05
2020-05-05,33.61,0.13,0.47,122.803,24.56,,0.05,0.05
2020-05-06,34.12,0.12,0.55,123.609,23.88,,0.05,0.05
2020-05-07,31.44,0.11,0.5,123.1249,23.68,,0.05,0.05
2020-05-08,27.98,0.12,0.53,122.5379,24.73,,0.06,0.05
2020-05-11,27.57,0.12,0.56,123.2333,24.02,,0.06,0.05
2020-05-12,33.04,0.13,0.52,123.0592,25.76,,0.06,0.05
2020-05-13,35.28,0.13,0.48,123.5408,25.37,,0.04,0.05
2020-05-14,32.61,0.12,0.47,123.6429,27.4,,0.02,0.05
2020-05-15,31.89,0.12,0.48,123.5991,29.44,,0.05,0.05
2020-05-18,29.3,0.13,0.55,122.7968,31.83,,0.04,0.05
2020-05-19,30.53,0.13,0.53,122.5655,32.3,,0.04,0.05
2020-05-20,27.99,0.12,0.52,122.1007,33.56,,0.01,0.05
2020-05-21,29.53,0.12,0.51,122.0914,34.3,,0.02,0.05
2020-05-22,28.16,0.12,0.49,122.3211,33.49,,0.04,0.05
2020-05-26,28.01,0.14,0.51,121.3864,34.7,,0.06,0.05
2020-05-27,27.62,0.15,0.49,121.5677,32.8,,0.06,0.05
2020-05-28,28.59,0.15,0.53,121.0138,33.67,,0.06,0.05
2020-05-29,27.51,0.14,0.49,120.9458,35.57,,0.06,0.05
2020-06-01,28.23,0.14,0.52,120.2686,35.49,,0.06,0.05
2020-06-02,26.84,0.15,0.51,119.6854,36.88,,0.07,0.06
2020-06-03,25.66,0.16,0.58,119.2556,37.33,,0.06,0.06
2020-06-04,25.81,0.15,0.63,119.3014,37.42,,0.07,0.06
2020-06-05,24.52,0.15,0.69,118.8138,39.49,,0.07,0.07
2020-06-08,25.81,0.17,0.66,118.6621,38.17,,0.07,0.07
2020-06-09,27.57,0.19,0.64,118.5893,38.98,,0.08,0.07
2020-06-10,27.57,0.17,0.58,118.5231,39.54,,0.07,0.08
2020-06-11,40.79,0.17,0.47,119.2347,36.43,,0.08,0.08
2020-06-12,36.09,0.16,0.52,119.6645,36.24,,0.08,0.08
2020-06-15,34.4,0.18,0.52,119.9539,37.07,,0.09,0.09
2020-06-16,33.67,0.17,0.54,119.567,38.26,,0.09,0.09
2020-06-17,33.47,0.17,0.55,119.9105,37.91,,0.09,0.09
2020-06-18,32.94,0.16,0.52,120.2173,38.79,,0.09,0.09
2020-06-19,35.12,0.15,0.51,120.2186,39.72,,0.09,0.09
2020-06-22,31.77,0.16,0.52,119.7532,40.6,,0.08,0.08
2020-06-23,31.37,0.16,0.54,119.3285,40.4,,0.07,0.08
2020-06-24,33.84,0.15,0.5,119.9744,37.91,,0.08,0.08
2020-06-25,32.22,0.16,0.51,120.2997,38.66,,0.09,0.08
2020-06-26,34.73,0.14,0.47,120.533,38.53,,0.08,0.08
2020-06-29,31.78,0.14,0.48,120.6658,39.67,,0.08,0.08
2020-06-30,30.43,0.16,0.5,120.4649,39.27,,0.1,0.08
2020-07-01,28.62,0.14,0.52,120.0808,39.88,,0.11,0.08
2020-07-02,27.68,0.14,0.52,119.8555,40.57,,0.11,0.09
2020-07-06,27.94,0.15,0.53,119.2852,40.51,,0.1,0.09
2020-07-07,29.43,0.15,0.49,119.5717,40.59,,0.1,0.09
2020-07-08,28.08,0.15,0.51,119.5525,40.91,,0.1,0.09
2020-07-09,29.26,0.13,0.46,119.5129,39.64,,0.1,0.09
2020-07-10,27.29,0.13,0.49,119.3509,40.56,,0.1,0.09
2020-07-13,32.19,0.14,0.48,119.1891,40.06,,0.1,0.09
2020-07-14,29.52,0.15,0.49,119.3901,40.3,,0.11,0.09
2020-07-15,27.76,0.16,0.48,119.0331,41.2,,0.13,0.1
2020-07-16,28.0,0.11,0.46,118.9275,40.74,,0.12,0.1
2020-07-17,25.68,0.11,0.5,119.124,40.55,,0.12,0.09
2020-07-20,24.46,0.13,0.46,119.0483,40.83,,0.12,0.1
2020-07-21,24.84,0.13,0.47,118.4042,41.76,,0.11,0.1
2020-07-22,24.32,0.13,0.46,118.1337,41.88,,0.1,0.09
2020-07-23,26.08,0.12,0.43,118.0613,40.99,,0.1,0.09
2020-07-24,25.84,0.11,0.45,118.1329,41.23,,0.1,0.09
2020-07-27,24.74,0.11,0.47,117.3869,41.46,,0.1,0.1
2020-07-28,25.44,0.11,0.45,117.3189,40.89,,0.1,0.1
2020-07-29,24.1,0.11,0.46,117.2126,41.13,,0.09,0.1
2020-07-30,24.76,0.09,0.44,117.4008,39.85,,0.1,0.1
2020-07-31,24.46,0.09,0.44,117.2082,40.1,,0.1,0.1
2020-08-03,24.28,0.1,0.45,117.8074,40.83,,0.1,0.1
2020-08-04,23.76,0.09,0.41,117.7833,41.67,,0.09,0.1
2020-08-05,22.99,0.1,0.44,116.8736,42.25,,0.09,0.1
2020-08-06,22.65,0.1,0.44,117.0422,41.93,,0.09,0.1
2020-08-07,22.21,0.1,0.44,117.6239,41.16,,0.09,0.1
2020-08-10,22.13,0.11,0.45,117.5821,41.94,,0.09,0.1
2020-08-11,24.03,0.11,0.48,117.3781,41.53,,0.1,0.1
2020-08-12,22.28,0.11,0.53,117.2559,42.6,,0.09,0.1
2020-08-13,22.13,0.1,0.55,117.1193,42.26,,0.09,0.1
2020-08-14,22.05,0.1,0.57,116.9395,42.05,,0.09,0.1
2020-08-17,21.35,0.1,0.55,116.749,42.89,,0.1,0.1
2020-08-18,21.51,0.09,0.53,116.5593,42.89,,0.09,0.09
2020-08-19,22.54,0.11,0.54,116.567,42.91,,0.09,0.09
2020-08-20,22.72,0.11,0.52,116.8126,42.62,,0.07,0.09
2020-08-21,22.54,0.1,0.48,117.0572,42.32,,0.07,0.09
2020-08-24,22.37,0.12,0.51,116.912,42.44,,0.08,0.09
2020-08-25,22.03,0.11,0.54,116.8206,43.17,,0.08,0.09
2020-08-26,23.27,0.11,0.53,116.6243,43.21,,0.07,0.09
2020-08-27,24.47,0.11,0.58,116.649,42.88,,0.07,0.08
2020-08-28,22.96,0.1,0.6,115.9374,42.96,,0.07,0.09
2020-08-31,26.41,0.11,0.58,115.7586,42.61,,0.09,0.09
2020-09-01,26.12,0.12,0.55,115.5687,42.76,,0.09,0.09
2020-09-02,26.57,0.12,0.52,116.0304,42.76,,0.09,0.09
2020-09-03,33.6,0.11,0.5,116.0685,41.39,,0.1,0.09
2020-09-04,30.75,0.11,0.58,116.0347,39.69,,0.09,0.09
2020-09-08,31.46,0.13,0.55,116.4618,36.87,,0.09,0.09
2020-09-09,28.81,0.12,0.57,116.1291,38.05,,0.09,0.09
2020-09-10,29.71,0.12,0.54,115.8806,37.25,,0.09,0.09
2020-09-11,26.87,0.11,0.54,116.0866,37.33,,0.09,0.09
2020-09-14,25.85,0.11,0.54,115.6428,37.23,,0.09,0.09
2020-09-15,25.59,0.11,0.54,115.5908,38.29,,0.1,0.09
2020-09-16,26.04,0.12,0.55,115.3537,40.17,,0.1,0.09
2020-09-17,26.46,0.09,0.56,115.4392,40.99,,0.1,0.09
2020-09-18,25.83,0.1,0.56,115.2395,41.09,,0.09,0.09
2020-09-21,27.78,0.1,0.54,116.378,39.26,,0.08,0.09
2020-09-22,26.86,0.1,0.55,116.5438,39.55,,0.07,0.09
2020-09-23,28.58,0.11,0.54,117.2526,39.92,,0.06,0.09
2020-09-24,28.51,0.1,0.53,117.5473,40.11,,0.07,0.09
2020-09-25,26.38,0.1,0.54,117.8679,40.06,,0.08,0.09
2020-09-28,26.19,0.11,0.53,117.6178,40.47,,0.08,0.09
2020-09-29,26.27,0.09,0.55,117.526,39.03,,0.07,0.09
2020-09-30,26.37,0.1,0.56,116.946,40.05,,0.08,0.09
2020-10-01,26.7,0.09,0.54,116.7227,38.51,,0.08,0.09
2020-10-02,27.63,0.09,0.57,116.7321,36.9,,0.1,0.09
2020-10-05,27.96,0.1,0.64,116.1767,39.12,,0.09,0.09
2020-10-06,29.48,0.1,0.62,116.2681,40.52,,0.1,0.09
2020-10-07,28.06,0.1,0.65,116.3447,39.82,,0.09,0.09
2020-10-08,26.36,0.09,0.65,116.1657,41.04,,0.08,0.09
2020-10-09,25.0,0.1,0.63,115.2757,40.44,,0.09,0.09
2020-10-13,26.07,0.11,0.58,115.9107,40.03,,0.09,0.09
2020-10-14,26.4,0.12,0.59,115.6872,40.86,,0.09,0.09
2020-10-15,26.97,0.11,0.6,116.0964,40.84,,0.1,0.09
2020-10-16,27.41,0.11,0.62,115.7679,40.7,,0.09,0.09
2020-10-19,29.18,0.11,0.62,115.4031,40.69,,0.09,0.09
2020-10-20,29.35,0.1,0.67,115.2485,41.37,,0.08,0.09
2020-10-21,28.65,0.1,0.69,114.9108,39.88,,0.07,0.09
2020-10-22,28.11,0.09,0.71,115.1158,40.46,,0.07,0.09
2020-10-23,27.55,0.1,0.67,115.0126,39.73,,0.08,0.09
2020-10-26,32.46,0.11,0.65,115.2797,38.39,,0.09,0.09
2020-10-27,33.35,0.1,0.63,115.0131,39.34,,0.09,0.09
2020-10-28,40.28,0.1,0.63,115.8023,37.27,,0.08,0.09
2020-10-29,37.59,0.09,0.69,116.3069,35.94,,0.09,0.09
2020-10-30,38.02,0.09,0.74,116.1354,35.64,,0.09,0.09
2020-11-02,37.13,0.09,0.71,116.2361,36.6,,0.11,0.09
2020-11-03,35.55,0.1,0.73,115.4802,37.44,,0.1,0.09
2020-11-04,29.57,0.1,0.64,115.1677,38.97,,0.1,0.09
2020-11-05,27.58,0.1,0.65,114.4556,38.56,,0.11,0.09
2020-11-06,24.86,0.1,0.67,113.9919,36.97,,0.1,0.09
2020-11-09,25.75,0.11,0.79,114.0895,40.05,,0.1,0.09
2020-11-10,24.8,0.1,0.79,114.0757,41.18,,0.1,0.09
2020-11-12,25.35,0.1,0.71,114.2843,40.9,,0.09,0.09
2020-11-13,23.1,0.09,0.72,114.2397,39.93,,0.09,0.09
2020-11-16,22.45,0.09,0.72,113.8312,41.14,,0.1,0.09
2020-11-17,22.71,0.09,0.69,113.682,41.24,,0.09,0.09
2020-11-18,23.84,0.09,0.72,113.46,41.64,,0.07,0.09
2020-11-19,23.11,0.07,0.68,113.694,41.57,,0.06,0.08
2020-11-20,23.7,0.07,0.67,113.489,41.99,,0.05,0.08
2020-11-23,22.66,0.08,0.7,113.7548,42.91,,0.05,0.08
2020-11-24,21.64,0.09,0.72,113.4316,44.71,,0.07,0.08
2020-11-25,21.25,0.09,0.71,113.1823,45.58,,0.08,0.08
2020-11-27,20.84,0.09,0.68,,,,0.08,0.08
2020-11-30,20.57,0.08,0.68,113.2256,45.2,,0.09,0.09
2020-12-01,20.77,0.09,0.75,112.8063,44.54,,0.08,0.09
2020-12-02,21.17,0.09,0.79,112.6115,45.23,,0.08,0.09
2020-12-03,21.28,0.08,0.76,112.0236,45.65,,0.08,0.09
2020-12-04,20.79,0.09,0.81,111.7778,46.23,,0.09,0.09
2020-12-07,21.3,0.08,0.8,111.8385,45.72,,0.08,0.09
2020-12-08,20.68,0.09,0.78,111.8639,45.64,,0.07,0.09
2020-12-09,22.27,0.08,0.79,112.0305,45.48,,0.08,0.09
2020-12-10,22.52,0.08,0.78,111.9788,46.76,,0.08,0.09
2020-12-11,23.31,0.08,0.79,112.1417,46.59,,0.08,0.09
2020-12-14,24.72,0.09,0.77,112.1708,47.02,,0.08,0.09
2020-12-15,22.89,0.08,0.81,111.8601,47.58,,0.09,0.09
2020-12-16,22.5,0.09,0.79,111.7157,47.86,,0.09,0.09
2020-12-17,21.93,0.08,0.81,111.2226,48.34,,0.09,0.09
2020-12-18,21.57,0.08,0.82,111.6071,49.04,,0.09,0.09
2020-12-21,25.16,0.09,0.82,111.9415,47.79,,0.09,0.09
2020-12-22,24.23,0.09,0.8,112.1947,47.02,,0.07,0.09
2020-12-23,23.31,0.09,0.83,111.9807,47.94,,0.06,0.09
2020-12-24,21.53,0.09,0.81,,48.18,,0.08,0.09
2020-12-28,21.7,0.11,0.81,111.9752,47.5,,0.09,0.09
2020-12-29,23.08,0.1,0.82,111.5172,47.85,,0.1,0.09
2020-12-30,22.77,0.08,0.81,111.3084,48.24,,0.09,0.09
2020-12-31,22.75,0.09,0.8,111.3169,48.35,,0.07,0.09
2021-01-04,26.97,0.09,0.82,111.2075,47.47,,0.1,0.09
2021-01-05,25.34,0.09,0.83,110.9574,49.78,,0.11,0.09
2021-01-06,25.07,0.09,0.9,110.8502,50.45,,0.1,0.09
2021-01-07,22.37,0.09,0.94,111.3042,50.63,,0.1,0.09
2021-01-08,21.56,0.08,0.99,111.2847,52.14,,0.09,0.09
2021-01-11,24.08,0.08,1.01,111.8257,52.15,,0.09,0.09
2021-01-12,23.33,0.09,1.01,111.5501,53.08,,0.08,0.09
2021-01-13,22.21,0.09,0.96,111.3622,52.81,,0.08,0.09
2021-01-14,23.25,0.09,0.99,111.1567,53.47,,0.08,0.09
2021-01-15,24.34,0.09,0.98,111.5106,52.25,,0.08,0.09
2021-01-19,23.24,0.09,0.96,111.4527,52.87,,0.07,0.09
2021-01-20,21.58,0.08,0.97,,53.16,,0.06,0.09
2021-01-21,21.32,0.09,0.99,111.1973,53.0,,0.04,0.08
2021-01-22,21.91,0.08,0.97,111.5516,52.28,,0.05,0.08
2021-01-25,23.19,0.09,0.92,111.8676,52.78,,0.06,0.08
2021-01-26,23.02,0.07,0.94,111.6572,52.61,,0.03,0.08
2021-01-27,37.21,0.08,0.92,112.0782,52.81,,0.03,0.08
2021-01-28,30.21,0.07,0.95,112.0059,52.26,,0.04,0.07
2021-01-29,33.09,0.06,1.0,111.9511,52.16,,0.06,0.07
2021-02-01,30.24,0.07,0.98,112.4189,53.55,,0.07,0.08
2021-02-02,25.56,0.07,1.01,112.2862,54.77,,0.07,0.08
2021-02-03,22.91,0.04,1.04,112.2567,55.67,,0.07,0.08
2021-02-04,21.77,0.04,1.04,112.7469,56.19,,0.05,0.08
2021-02-05,20.87,0.03,1.1,112.2379,56.8,,0.02,0.08
2021-02-08,21.24,0.05,1.08,112.0428,57.95,,0.02,0.07
2021-02-09,21.63,0.04,1.07,111.7675,58.34,,0.05,0.08
2021-02-10,21.99,0.05,1.04,111.5834,58.69,,0.06,0.08
2021-02-11,21.25,0.05,1.05,111.5272,58.22,,0.06,0.08
2021-02-12,19.97,0.04,1.09,111.4889,59.5,,0.05,0.08
2021-02-16,21.46,0.04,1.17,111.7879,60.07,,0.06,0.08
2021-02-17,21.5,0.04,1.18,112.0204,61.09,,0.06,0.08
2021-02-18,22.49,0.03,1.18,112.1603,60.4,,0.03,0.07
2021-02-19,22.05,0.04,1.23,111.7058,59.12,,0.02,0.07
2021-02-22,23.45,0.03,1.26,111.918,61.67,,0.03,0.07
2021-02-23,23.11,0.04,1.26,111.8981,61.66,,0.01,0.07
2021-02-24,21.34,0.03,1.26,111.7212,63.21,,0.02,0.07
2021-02-25,28.89,0.04,1.37,111.9253,63.43,,0.03,0.07
2021-02-26,27.95,0.04,1.3,112.8306,61.55,,0.01,0.07
2021-03-01,23.35,0.05,1.32,112.5263,60.54,,0.02,0.07
2021-03-02,24.1,0.04,1.29,112.5342,59.7,,0.04,0.07
2021-03-03,26.67,0.05,1.33,112.7617,61.33,,0.04,0.07
2021-03-04,28.57,0.04,1.4,112.7037,63.81,,0.02,0.07
2021-03-05,24.66,0.04,1.42,113.7487,66.08,,0.02,0.07
2021-03-08,25.47,0.05,1.42,114.2678,65.03,,0.02,0.07
2021-03-09,24.03,0.05,1.38,113.928,64.02,,0.02,0.07
2021-03-10,22.56,0.04,1.37,113.5881,64.45,,0.02,0.07
2021-03-11,21.91,0.04,1.4,112.9214,66.02,,0.01,0.07
2021-03-12,20.69,0.04,1.5,113.0269,65.59,,0.01,0.07
2021-03-15,20.03,0.04,1.48,113.1928,65.36,,0.01,0.07
2021-03-16,19.79,0.02,1.47,112.9839,64.82,,0.01,0.07
2021-03-17,19.23,0.02,1.5,113.1589,64.55,,0.01,0.07
2021-03-18,21.58,0.01,1.55,112.7744,59.95,,0.01,0.07
2021-03-19,20.95,0.01,1.58,112.9756,61.43,,0.01,0.07
2021-03-22,18.88,0.03,1.54,113.0023,61.48,,0.01,0.07
2021-03-23,20.3,0.01,1.48,113.2916,57.75,,0.01,0.07
2021-03-24,21.2,0.02,1.48,113.6565,61.12,,0.01,0.07
2021-03-25,19.81,0.02,1.49,114.0016,58.47,,0.01,0.07
2021-03-26,18.86,0.02,1.53,113.7406,60.93,,0.01,0.07
2021-03-29,20.74,0.03,1.59,113.9314,61.49,,0.01,0.07
2021-03-30,19.61,0.02,1.57,114.203,60.55,,0.01,0.07
2021-03-31,19.4,0.03,1.58,113.8234,59.19,,0.01,0.06
2021-04-01,17.33,0.02,1.52,113.7389,61.41,,0.01,0.07
2021-04-02,,0.02,1.53,113.7315,,,,0.07
2021-04-05,17.91,0.03,1.56,113.394,58.73,,0.01,0.07
2021-04-06,18.12,0.02,1.51,113.1464,59.34,,0.01,0.07
2021-04-07,17.16,0.02,1.52,113.2436,59.77,,0.01,0.07
2021-04-08,16.95,0.01,1.5,113.0917,59.61,,0.01,0.07
2021-04-09,16.69,0.02,1.51,113.2028,59.29,,0.01,0.07
2021-04-12,16.91,0.02,1.51,113.1815,59.7,,0.01,0.07
2021-04-13,16.65,0.03,1.48,113.0391,60.2,,0.01,0.07
2021-04-14,16.99,0.02,1.48,112.7849,63.15,,0.01,0.07
2021-04-15,16.57,0.02,1.4,112.6181,63.42,,0.01,0.07
2021-04-16,16.25,0.02,1.43,112.4814,63.16,,0.01,0.07
2021-04-19,17.29,0.02,1.45,112.1835,63.33,,0.01,0.07
2021-04-20,18.68,0.03,1.43,112.2354,62.61,,0.01,0.07
2021-04-21,17.5,0.03,1.42,112.1771,61.34,,0.01,0.07
2021-04-22,18.71,0.03,1.41,112.2297,61.45,,0.01,0.07
2021-04-23,17.33,0.03,1.42,112.0889,62.18,,0.01,0.07
2021-04-26,17.64,0.03,1.4,111.8109,62.02,,0.01,0.07
2021-04-27,17.56,0.01,1.46,111.9097,63.03,,0.01,0.07
2021-04-28,17.28,0.01,1.46,111.7909,63.81,,0.01,0.07
2021-04-29,17.61,0.01,1.49,111.7464,65.0,,0.01,0.06
2021-04-30,18.61,0.01,1.49,112.0839,63.5,,0.01,0.05
2021-05-03,18.31,0.04,1.47,112.005,64.46,,0.01,0.06
2021-05-04,19.48,0.02,1.45,112.2896,65.72,,0.01,0.06
2021-05-05,19.15,0.02,1.43,112.1514,65.63,,0.01,0.06
2021-05-06,18.39,0.02,1.42,111.8401,64.73,,0.01,0.06
2021-05-07,16.69,0.02,1.46,111.0249,64.96,,0.01,0.06
2021-05-10,19.66,0.02,1.47,110.7905,64.92,,0.01,0.06
2021-05-11,21.84,0.01,1.48,110.8921,65.31,,0.01,0.06
2021-05-12,27.59,0.02,1.53,111.5636,65.96,,0.01,0.06
2021-05-13,23.13,0.02,1.5,111.5955,63.82,,0.01,0.06
2021-05-14,18.81,0.01,1.47,111.1353,65.32,,0.01,0.06
2021-05-17,19.72,0.02,1.48,111.079,66.24,,0.01,0.06
2021-05-18,21.34,0.02,1.48,110.8317,65.49,,0.01,0.06
2021-05-19,22.18,0.01,1.52,110.8807,63.28,,0.01,0.06
2021-05-20,20.67,0.01,1.48,110.8605,61.95,,0.01,0.06
2021-05-21,20.15,0.01,1.46,111.0576,63.61,,0.01,0.06
2021-05-24,18.4,0.02,1.46,110.9118,66.13,,0.01,0.06
2021-05-25,18.84,0.02,1.41,110.842,66.27,,0.01,0.06
2021-05-26,17.36,0.02,1.44,110.8677,66.41,,0.01,0.06
2021-05-27,16.74,0.02,1.47,110.8688,66.87,,0.01,0.06
2021-05-28,16.76,0.01,1.44,110.7576,66.31,,0.01,0.05
2021-06-01,17.9,0.02,1.46,110.5046,67.8,,0.01,0.06
2021-06-02,17.48,0.02,1.46,110.5799,68.79,,0.01,0.06
2021-06-03,18.04,0.02,1.47,111.1782,68.81,,0.01,0.06
2021-06-04,16.42,0.02,1.42,110.7521,69.57,,0.01,0.06
2021-06-07,16.42,0.02,1.41,110.5155,69.21,,0.01,0.06
2021-06-08,17.07,0.02,1.39,110.649,70.11,,0.01,0.06
2021-06-09,17.89,0.03,1.34,110.5707,69.9,,0.01,0.06
2021-06-10,16.1,0.03,1.31,110.5456,70.34,,0.01,0.06
2021-06-11,15.65,0.03,1.31,111.0933,71.0,,0.01,0.06
2021-06-14,16.39,0.03,1.35,110.9659,70.94,,0.01,0.06
2021-06-15,17.02,0.03,1.35,111.3507,72.06,,0.01,0.06
2021-06-16,18.15,0.04,1.36,111.1165,72.03,,0.01,0.06
2021-06-17,17.75,0.04,1.29,112.5772,71.06,,0.05,0.1
2021-06-21,17.89,0.05,1.23,112.8391,73.64,,0.05,0.1
2021-06-22,16.66,0.04,1.23,112.9174,73.15,,0.05,0.1
2021-06-23,16.32,0.05,1.24,112.3819,73.11,,0.05,0.1
2021-06-24,15.97,0.05,1.23,112.326,73.31,,0.05,0.1
2021-06-25,15.62,0.06,1.26,111.9655,74.21,,0.05,0.1
2021-06-28,15.76,0.05,1.24,112.0248,72.98,,0.05,0.1
2021-06-29,16.02,0.04,1.22,112.2613,73.14,,0.05,0.1
2021-06-30,15.83,0.05,1.2,112.5533,73.52,,0.05,0.08
2021-07-01,15.48,0.05,1.23,112.74,75.33,,0.05,0.1
2021-07-02,15.07,0.05,1.2,112.5425,75.37,,0.05,0.1
2021-07-06,16.44,0.05,1.15,112.9516,73.62,,0.05,0.1
2021-07-07,16.2,0.05,1.11,113.1048,72.22,,0.05,0.1
2021-07-08,19.0,0.06,1.11,113.0776,72.98,,0.05,0.1
2021-07-09,16.18,0.06,1.14,112.8375,74.56,,0.05,0.1
2021-07-12,16.17,0.05,1.15,112.7611,74.21,,0.05,0.1
2021-07-13,17.12,0.05,1.16,113.0063,75.24,,0.05,0.1
2021-07-14,16.33,0.06,1.14,112.8801,73.06,,0.05,0.1
2021-07-15,17.01,0.05,1.08,113.0041,71.67,,0.05,0.1
2021-07-16,18.45,0.05,1.06,113.0428,71.76,,0.05,0.1
2021-07-19,22.5,0.05,0.98,113.5472,66.45,,0.05,0.1
2021-07-20,19.73,0.05,1.03,113.7502,67.32,,0.05,0.1
2021-07-21,17.91,0.05,1.08,113.3926,70.26,,0.05,0.1
2021-07-22,17.69,0.05,1.07,113.4695,72.15,,0.05,0.1
2021-07-23,17.2,0.05,1.08,113.4398,72.24,,0.05,0.1
2021-07-26,17.58,0.05,1.07,113.2238,72.15,,0.05,0.1
2021-07-27,19.36,0.05,1.05,113.2227,71.68,,0.05,0.1
2021-07-28,18.31,0.05,1.06,113.1807,72.37,,0.05,0.1
2021-07-29,17.7,0.06,1.08,112.4834,73.62,,0.05,0.1
2021-07-30,18.24,0.06,1.05,112.6714,73.93,,0.05,0.07
2021-08-02,19.46,0.05,1.03,112.6691,71.31,,0.05,0.1
2021-08-03,18.04,0.05,1.02,112.8228,70.64,,0.05,0.1
2021-08-04,17.97,0.05,1.02,112.8953,68.19,,0.05,0.1
2021-08-05,17.28,0.05,1.02,112.7674,69.1,,0.05,0.1
2021-08-06,16.15,0.06,1.1,113.3088,68.26,,0.05,0.1
2021-08-09,16.72,0.06,1.1,113.4521,66.56,,0.05,0.1
2021-08-10,16.79,0.05,1.12,113.4973,68.33,,0.05,0.1
2021-08-11,16.06,0.05,1.12,113.282,69.3,,0.05,0.1
2021-08-12,15.59,0.06,1.13,113.2691,69.12,,0.05,0.1
2021-08-13,15.45,0.06,1.06,113.0615,68.36,,0.05,0.1
2021-08-16,16.12,0.06,1.05,113.1698,67.44,,0.05,0.1
2021-08-17,17.91,0.07,1.03,113.6174,66.5,,0.05,0.1
2021-08-18,21.57,0.07,1.04,113.6959,65.36,,0.05,0.09
2021-08-19,21.67,0.06,1.02,114.1106,63.69,,0.05,0.09
2021-08-20,18.56,0.05,1.03,114.5009,62.25,,0.05,0.09
2021-08-23,17.15,0.05,1.02,113.9418,65.65,,0.05,0.09
2021-08-24,17.22,0.05,1.05,113.6795,67.5,,0.05,0.09
2021-08-25,16.79,0.06,1.12,113.6322,68.54,,0.05,0.09
2021-08-26,18.84,0.05,1.09,113.7883,67.42,,0.05,0.09
2021-08-27,16.39,0.05,1.09,113.3404,68.84,,0.05,0.08
2021-08-30,16.19,0.05,1.09,113.246,69.28,,0.05,0.08
2021-08-31,16.48,0.04,1.1,113.1076,68.43,,0.05,0.06
2021-09-01,16.11,0.05,1.11,112.8732,68.63,,0.05,0.08
2021-09-02,16.41,0.05,1.09,112.7863,70.07,,0.05,0.08
2021-09-03,16.41,0.05,1.12,112.5476,69.34,,0.05,0.08
2021-09-07,18.14,0.05,1.16,112.9795,68.49,,0.05,0.08
2021-09-08,17.96,0.05,1.13,113.2319,69.36,,0.05,0.08
2021-09-09,18.8,0.04,1.07,113.043,68.26,,0.05,0.08
2021-09-10,20.95,0.05,1.12,112.9425,69.82,,0.05,0.08
2021-09-13,19.37,0.06,1.12,113.0341,70.54,,0.05,0.08
2021-09-14,19.46,0.04,1.07,113.0061,70.53,,0.05,0.08
2021-09-15,18.18,0.04,1.1,112.9773,72.59,,0.05,0.08
2021-09-16,18.69,0.04,1.11,113.3036,72.69,,0.05,0.08
2021-09-17,20.81,0.04,1.14,113.5989,72.09,,0.05,0.08
2021-09-20,25.71,0.04,1.08,113.9422,70.41,,0.05,0.08
2021-09-21,24.36,0.03,1.11,113.8179,70.51,,0.05,0.08
2021-09-22,20.87,0.03,1.07,113.6223,72.37,,0.05,0.08
2021-09-23,18.63,0.03,1.14,113.513,73.43,,0.05,0.08
2021-09-24,17.75,0.03,1.18,113.7597,74.18,,0.05,0.08
2021-09-27,18.76,0.04,1.17,113.7432,75.54,,0.05,0.08
2021-09-28,23.25,0.04,1.23,114.2469,75.44,,0.05,0.08
2021-09-29,22.56,0.04,1.25,114.7092,75.06,,0.05,0.08
2021-09-30,23.14,0.04,1.24,114.6403,75.22,,0.05,0.06
2021-10-01,21.15,0.04,1.21,114.3798,76.01,,0.05,0.08
2021-10-04,22.96,0.04,1.22,114.2739,77.68,,0.05,0.08
2021-10-05,21.3,0.04,1.26,114.3654,79.17,,0.05,0.08
2021-10-06,21.0,0.04,1.23,114.7185,77.66,,0.05,0.08
2021-10-07,19.54,0.05,1.26,114.5044,78.46,,0.05,0.08
2021-10-08,18.77,0.05,1.29,114.5986,79.55,,0.05,0.08
2021-10-12,19.85,0.06,1.24,114.7542,80.75,,0.05,0.08
2021-10-13,18.64,0.05,1.19,114.4705,80.67,,0.05,0.08
2021-10-14,16.86,0.05,1.16,114.2053,81.43,,0.05,0.08
2021-10-15,16.3,0.05,1.18,114.0905,82.39,,0.05,0.08
2021-10-18,16.31,0.06,1.15,113.9899,82.62,,0.05,0.08
2021-10-19,15.7,0.05,1.24,113.647,83.19,,0.03,0.08
2021-10-20,15.49,0.05,1.25,113.5083,84.4,,0.03,0.08
2021-10-21,15.01,0.06,1.23,113.6188,82.64,,0.03,0.08
2021-10-22,15.43,0.06,1.18,113.67,84.53,,0.05,0.08
2021-10-25,15.24,0.06,1.17,113.605,84.64,,0.04,0.08
2021-10-26,15.98,0.06,1.16,113.674,85.64,,0.05,0.08
2021-10-27,16.98,0.06,1.04,113.6218,82.66,,0.05,0.08
2021-10-28,16.53,0.06,1.07,113.4389,82.78,,0.05,0.08
2021-10-29,16.26,0.05,1.07,114.1349,83.5,,0.05,0.07
2021-11-01,16.41,0.05,1.08,114.2067,84.08,,0.05,0.08
2021-11-02,16.03,0.05,1.1,114.2847,83.91,,0.05,0.08
2021-11-03,15.1,0.05,1.13,114.3593,80.82,,0.05,0.08
2021-11-04,15.44,0.04,1.12,114.3558,78.88,,0.05,0.08
2021-11-05,16.48,0.05,1.06,114.0732,81.25,,0.05,0.08
2021-11-08,17.22,0.06,1.06,113.8256,81.96,,0.05,0.08
2021-11-09,17.78,0.04,1.05,113.762,84.12,,0.05,0.08
2021-11-10,18.73,0.05,1.05,114.1484,81.23,,0.05,0.08
2021-11-12,16.29,0.05,1.05,114.5144,80.87,,0.05,0.08
2021-11-15,16.49,0.05,1.1,114.5876,80.85,,0.05,0.08
2021-11-16,16.37,0.05,1.09,115.136,80.76,,0.05,0.08
2021-11-17,17.11,0.05,1.08,115.0263,78.32,,0.05,0.08
2021-11-18,17.59,0.05,1.07,115.0678,78.92,,0.05,0.08
2021-11-19,17.91,0.05,1.02,115.2187,76.11,,0.05,0.08
2021-11-22,19.17,0.05,1.0,115.6481,76.74,,0.05,0.08
2021-11-23,19.38,0.06,1.07,116.0118,78.32,,0.05,0.08
2021-11-24,18.58,0.06,1.0,116.2711,78.32,,0.05,0.08
2021-11-26,28.62,0.06,0.98,116.5103,,,0.05,0.08
2021-11-29,22.96,0.06,1.01,116.581,69.88,,0.05,0.08
2021-11-30,27.19,0.05,0.91,116.2071,66.14,,0.05,0.07
2021-12-01,31.12,0.06,0.87,115.889,65.44,,0.05,0.08
2021-12-02,27.95,0.05,0.81,116.018,66.6,,0.05,0.08
2021-12-03,30.67,0.06,0.75,116.2377,66.39,,0.05,0.08
2021-12-06,27.18,0.05,0.78,116.1538,69.62,,0.05,0.08
2021-12-07,21.89,0.06,0.78,115.8555,71.94,,0.05,0.08
2021-12-08,19.9,0.07,0.84,115.4418,72.43,,0.05,0.08
2021-12-09,21.58,0.06,0.79,115.7784,70.87,,0.05,0.08
2021-12-10,18.69,0.06,0.81,115.5732,71.71,,0.05,0.08
2021-12-13,20.31,0.05,0.76,115.842,71.19,,0.05,0.08
2021-12-14,21.89,0.05,0.77,116.2397,70.57,,0.05,0.08
2021-12-15,19.29,0.05,0.78,116.4219,70.89,,0.05,0.08
2021-12-16,20.57,0.05,0.8,115.7146,72.34,,0.05,0.08
2021-12-17,21.57,0.05,0.75,115.791,70.93,,0.05,0.08
2021-12-20,22.87,0.07,0.78,116.0092,68.69,,0.04,0.08
2021-12-21,21.01,0.07,0.78,116.1089,71.1,,0.05,0.08
2021-12-22,18.63,0.08,0.78,115.7485,72.82,,0.05,0.08
2021-12-23,17.96,0.07,0.79,115.5337,73.89,,0.05,0.08
2021-12-27,17.68,0.06,0.72,115.4684,75.49,,0.05,0.08
2021-12-28,17.54,0.06,0.75,115.4192,76.01,,0.05,0.08
2021-12-29,16.95,0.05,0.8,115.3678,76.58,,0.05,0.08
2021-12-30,17.33,0.05,0.79,115.283,76.83,,0.05,0.08
2022-01-03,16.6,0.08,0.85,115.4101,75.99,,0.05,0.08
2022-01-04,16.91,0.08,0.89,115.3103,77.0,,0.05,0.08
2022-01-05,19.73,0.09,0.88,115.137,77.83,,0.05,0.08
2022-01-06,19.61,0.1,0.85,115.4046,79.47,,0.05,0.08
2022-01-07,18.76,0.1,0.89,115.0451,79.0,,0.05,0.08
2022-01-10,19.4,0.13,0.86,115.2216,78.11,,0.05,0.08
2022-01-11,18.41,0.11,0.85,114.8332,81.17,,0.05,0.08
2022-01-12,17.62,0.12,0.82,114.355,82.51,,0.05,0.08
2022-01-13,20.31,0.12,0.79,114.177,81.97,,0.05,0.08
2022-01-14,19.19,0.13,0.79,114.3825,83.82,,0.05,0.08
2022-01-18,22.79,0.16,0.81,114.7373,85.42,,0.05,0.08
2022-01-19,23.85,0.17,0.79,114.6109,86.84,,0.05,0.08
2022-01-20,25.59,0.17,0.75,114.4642,86.29,,0.04,0.08
2022-01-21,28.85,0.17,0.74,114.6125,85.16,,0.05,0.08
2022-01-24,29.9,0.19,0.76,115.2034,84.48,,0.04,0.08
2022-01-25,31.16,0.19,0.76,115.1654,86.61,,0.05,0.08
2022-01-26,31.96,0.19,0.72,115.0922,88.33,,0.04,0.08
2022-01-27,30.49,0.2,0.63,115.978,87.61,,0.04,0.08
2022-01-28,27.66,0.19,0.63,116.0393,87.67,,0.05,0.08
2022-01-31,24.83,0.22,0.61,115.566,89.16,,0.05,0.08
2022-02-01,21.96,0.19,0.63,115.3685,88.22,,0.05,0.08
2022-02-02,22.09,0.19,0.62,115.1538,88.16,,0.05,0.08
2022-02-03,24.35,0.2,0.63,114.9065,90.17,,0.05,0.08
2022-02-04,23.22,0.23,0.62,115.1362,92.27,,0.05,0.08
2022-02-07,22.86,0.27,0.62,115.0098,91.25,,0.05,0.08
2022-02-08,21.44,0.25,0.61,115.0892,89.32,,0.05,0.08
2022-02-09,19.96,0.26,0.58,114.8232,89.57,,0.04,0.08
2022-02-10,23.91,0.4,0.42,114.5527,89.83,,0.05,0.08
2022-02-11,27.36,0.36,0.42,114.8413,93.1,,0.05,0.08
2022-02-14,28.33,0.43,0.4,115.1946,95.52,,0.05,0.08
2022-02-15,25.7,0.4,0.47,114.93,92.07,,0.05,0.08
2022-02-16,24.29,0.38,0.51,114.6886,93.83,,0.05,0.08
2022-02-17,28.11,0.36,0.48,114.6755,91.78,,0.05,0.08
2022-02-18,27.75,0.35,0.45,114.7982,91.26,,0.05,0.08
2022-02-22,28.81,0.37,0.38,114.7002,92.11,,0.05,0.08
2022-02-23,31.02,0.34,0.41,114.6668,92.14,,0.05,0.08
2022-02-24,30.32,0.32,0.42,115.9419,92.77,,0.05,0.08
2022-02-25,27.59,0.33,0.42,115.2577,91.68,,0.05,0.08
2022-02-28,30.15,0.35,0.39,115.2224,96.13,,0.05,0.08
2022-03-01,33.32,0.32,0.41,115.7962,103.66,,0.05,0.08
2022-03-02,30.74,0.34,0.36,115.7623,110.74,,0.05,0.08
2022-03-03,30.48,0.38,0.33,115.9495,107.69,,0.05,0.08
2022-03-04,31.98,0.34,0.24,116.6503,115.77,,0.05,0.08
2022-03-07,36.45,0.38,0.23,117.3278,119.26,,0.05,0.08
2022-03-08,35.13,0.36,0.23,117.6176,123.64,,0.05,0.08
2022-03-09,32.45,0.38,0.26,116.5961,108.81,,0.05,0.08
2022-03-10,30.23,0.39,0.26,116.7401,105.93,,0.05,0.08
2022-03-11,30.75,0.4,0.25,117.0192,109.31,,0.05,0.08
2022-03-14,31.77,0.45,0.27,117.1506,103.22,,0.05,0.08
2022-03-15,29.83,0.46,0.3,117.246,96.42,,0.05,0.08
2022-03-16,26.67,0.44,0.24,116.8073,94.85,,0.05,0.08
2022-03-17,25.67,0.4,0.26,116.0467,102.97,,0.3,0.33
2022-03-18,23.87,0.42,0.17,116.1378,104.69,,0.3,0.33
2022-03-21,23.53,0.54,0.18,115.9398,112.14,,0.29,0.33
2022-03-22,22.94,0.51,0.2,116.0824,111.03,,0.28,0.33
2022-03-23,23.57,0.5,0.19,116.005,114.89,,0.27,0.33
2022-03-24,21.67,0.52,0.21,115.9599,114.2,,0.27,0.33
2022-03-25,20.81,0.55,0.18,115.7921,116.2,,0.28,0.33
2022-03-28,19.63,0.59,0.11,116.1911,107.55,,0.28,0.33
2022-03-29,18.9,0.55,0.06,115.5679,104.25,,0.28,0.33
2022-03-30,19.33,0.55,0.04,115.0818,107.81,,0.27,0.33
2022-03-31,20.56,0.52,0.04,115.2218,100.53,,0.29,0.33
2022-04-01,19.63,0.53,-0.05,115.4814,99.32,,0.3,0.33
2022-04-04,18.57,0.66,-0.01,115.4112,103.29,,0.3,0.33
2022-04-05,21.03,0.65,0.03,115.73,101.98,,0.3,0.33
2022-04-06,22.1,0.67,0.11,115.9995,96.39,,0.3,0.33
2022-04-07,21.55,0.68,0.19,116.3512,96.05,,0.3,0.33
2022-04-08,21.16,0.7,0.19,116.4176,98.35,,0.3,0.33
2022-04-11,24.37,0.77,0.29,116.5401,94.22,,0.3,0.33
2022-04-12,24.26,0.74,0.33,116.3866,100.52,,0.29,0.33
2022-04-13,21.82,0.75,0.33,116.2796,104.26,,0.29,0.33
2022-04-14,22.7,0.79,0.36,116.7558,106.84,,0.29,0.33
2022-04-15,,,,116.7017,,,,0.33
2022-04-18,22.17,0.81,0.39,116.8441,108.24,,0.29,0.33
2022-04-19,21.37,0.81,0.32,117.1324,102.54,,0.28,0.33
2022-04-20,20.32,0.82,0.25,116.7306,102.56,,0.27,0.33
2022-04-21,22.68,0.83,0.22,117.1432,103.89,,0.26,0.33
2022-04-22,28.21,0.83,0.18,118.0186,102.86,,0.27,0.33
2022-04-25,27.02,0.91,0.18,118.6271,99.6,,0.27,0.33
2022-04-26,33.52,0.83,0.23,118.9624,102.62,,0.27,0.33
2022-04-27,31.6,0.82,0.24,119.4708,101.96,,0.28,0.33
2022-04-28,29.99,0.82,0.22,120.0675,105.47,,0.28,0.33
2022-04-29,33.4,0.85,0.19,119.4933,104.59,,0.28,0.33
2022-05-02,32.34,0.9,0.26,119.8825,105.18,,0.3,0.33
2022-05-03,29.25,0.91,0.19,119.7043,102.53,,0.3,0.33
2022-05-04,25.42,0.89,0.27,119.5592,107.84,,0.3,0.33
2022-05-05,31.2,0.85,0.34,120.0068,108.17,,0.79,0.83
2022-05-06,30.19,0.85,0.4,119.8577,109.72,,0.78,0.83
2022-05-09,34.75,0.92,0.44,120.4972,103.08,,0.78,0.83
2022-05-10,32.99,0.89,0.37,120.7742,99.74,,0.78,0.83
2022-05-11,32.56,0.91,0.25,120.3925,105.5,,0.78,0.83
2022-05-12,31.77,0.96,0.28,121.2796,106.15,,0.79,0.83
2022-05-13,28.87,1.03,0.32,120.8442,110.52,,0.79,0.83
2022-05-16,27.47,1.07,0.3,120.6881,114.07,,0.8,0.83
2022-05-17,26.1,1.06,0.27,119.8871,112.31,,0.8,0.83
2022-05-18,30.96,1.03,0.21,120.0274,109.67,,0.79,0.83
2022-05-19,29.35,1.05,0.21,119.4278,112.21,,0.79,0.83
2022-05-20,29.43,1.03,0.18,119.3677,112.63,,0.78,0.83
2022-05-23,28.48,1.07,0.21,118.7169,110.32,,0.78,0.83
2022-05-24,29.45,1.06,0.26,118.6245,112.55,,0.78,0.83
2022-05-25,28.37,1.06,0.27,118.9598,112.88,,0.78,0.83
2022-05-26,27.5,1.07,0.29,118.7687,116.19,,0.78,0.83
2022-05-27,25.72,1.08,0.27,118.2834,114.96,,0.78,0.83
2022-05-31,26.19,1.16,0.32,118.0704,114.38,,0.79,0.83
2022-06-01,25.69,1.15,0.28,118.6954,115.26,,0.8,0.83
2022-06-02,24.72,1.17,0.27,118.0658,116.88,,0.79,0.83
2022-06-03,24.79,1.21,0.3,118.2153,118.97,,0.78,0.83
2022-06-06,25.07,1.26,0.31,118.3081,118.41,,0.78,0.83
2022-06-07,24.02,1.26,0.23,118.4414,119.55,,0.77,0.83
2022-06-08,23.96,1.28,0.25,118.3951,121.94,,0.76,0.83
2022-06-09,26.09,1.3,0.21,118.9226,121.52,,0.75,0.83
2022-06-10,27.75,1.39,0.09,119.9981,120.73,,0.75,0.83
2022-06-13,34.02,1.73,0.03,121.1523,120.92,,0.73,0.83
2022-06-14,32.69,1.83,0.04,121.6669,118.92,,0.69,0.83
2022-06-15,29.62,1.74,0.13,121.6403,115.32,,0.7,0.83
2022-06-16,32.95,1.59,0.14,120.6714,117.56,,1.45,1.58
2022-06-17,31.13,1.63,0.08,121.2369,109.56,,1.45,1.58
2022-06-21,30.19,1.7,0.1,120.6427,110.49,,1.45,1.58
2022-06-22,28.95,1.61,0.1,120.5197,106.22,,1.45,1.58
2022-06-23,29.05,1.65,0.08,120.7622,105.75,,1.44,1.58
2022-06-24,27.23,1.73,0.09,120.4853,109.07,,1.46,1.58
2022-06-27,26.95,1.79,0.12,120.1736,111.44,,1.5,1.58
2022-06-28,28.36,1.79,0.1,120.62,113.66,,1.52,1.58
2022-06-29,28.16,1.78,0.04,120.9616,111.65,,1.51,1.58
2022-06-30,28.71,1.72,0.06,120.9652,107.76,,1.5,1.58
2022-07-01,26.7,1.73,0.04,121.5058,110.3,,1.52,1.58
2022-07-05,27.54,1.9,0.0,122.6203,101.55,,1.54,1.58
2022-07-06,26.73,1.9,-0.04,123.0073,100.31,,1.54,1.58
2022-07-07,26.08,1.95,-0.02,122.7257,104.62,,1.54,1.58
2022-07-08,24.64,1.98,-0.03,122.4662,106.78,,1.53,1.58
2022-07-11,26.17,2.18,-0.08,123.2974,106.09,,1.53,1.58
2022-07-12,27.29,2.22,-0.07,123.4524,97.69,,1.54,1.58
2022-07-13,26.82,2.39,-0.22,123.2834,98.44,,1.53,1.58
2022-07-14,26.4,2.4,-0.19,124.0622,97.79,,1.53,1.58
2022-07-15,24.23,2.37,-0.2,123.4765,99.59,,1.54,1.58
2022-07-18,25.3,2.5,-0.19,122.7727,104.48,,1.54,1.58
2022-07-19,24.5,2.52,-0.22,122.4819,106.12,,1.54,1.58
2022-07-20,23.88,2.51,-0.21,122.5997,104.45,,1.53,1.58
2022-07-21,23.11,2.48,-0.19,122.9032,98.44,,1.53,1.58
2022-07-22,23.03,2.49,-0.21,122.451,97.71,,1.52,1.58
2022-07-25,23.36,2.62,-0.19,122.4594,99.83,,1.53,1.58
2022-07-26,24.69,2.55,-0.21,122.7581,97.74,,1.53,1.58
2022-07-27,23.24,2.44,-0.18,122.8169,100.03,,1.53,1.58
2022-07-28,22.33,2.42,-0.17,122.1161,99.11,,2.28,2.33
2022-07-29,21.33,2.41,-0.22,121.7678,101.31,,2.27,2.32
2022-08-01,22.84,2.56,-0.3,121.4109,96.59,,2.28,2.33
2022-08-02,23.93,2.56,-0.31,121.9486,97.14,,2.3,2.33
2022-08-03,21.95,2.52,-0.37,122.3888,93.25,,2.29,2.33
2022-08-04,21.44,2.5,-0.35,121.8333,91.29,,2.29,2.33
2022-08-05,21.15,2.58,-0.41,122.321,91.77,,2.28,2.33
2022-08-08,21.29,2.65,-0.44,121.8783,93.52,,2.28,2.33
2022-08-09,21.77,2.67,-0.48,121.8614,93.18,,2.29,2.33
2022-08-10,19.74,2.65,-0.45,120.7543,94.68,,2.28,2.33
2022-08-11,20.2,2.62,-0.36,120.7163,97.02,,2.28,2.33
2022-08-12,19.53,2.63,-0.41,121.018,94.86,,2.28,2.33
2022-08-15,19.95,2.72,-0.41,121.4315,92.24,,2.29,2.33
2022-08-16,19.69,2.7,-0.43,121.6807,89.23,,2.29,2.33
2022-08-17,19.9,2.68,-0.39,122.0711,90.85,,2.29,2.33
2022-08-18,19.56,2.71,-0.34,122.3627,93.2,,2.28,2.33
2022-08-19,20.6,2.74,-0.27,123.0501,93.55,,2.28,2.33
2022-08-22,23.8,2.82,-0.29,123.605,93.42,,2.28,2.33
2022-08-23,24.11,2.8,-0.24,123.0547,96.46,,2.27,2.33
2022-08-24,22.82,2.82,-0.25,123.109,95.52,,2.27,2.33
2022-08-25,21.78,2.88,-0.32,123.0586,93.33,,2.28,2.33
2022-08-26,25.56,2.89,-0.33,123.0656,93.63,,2.28,2.33
2022-08-29,26.21,2.97,-0.3,123.4686,97.4,,2.28,2.33
2022-08-30,26.21,2.97,-0.35,123.6848,92.08,,2.29,2.33
2022-08-31,25.87,2.96,-0.3,123.535,90.09,,2.29,2.33
2022-09-01,25.56,2.97,-0.25,124.4006,87.09,,2.29,2.33
2022-09-02,25.47,2.94,-0.2,123.7743,87.29,,2.29,2.33
2022-09-06,26.91,3.04,-0.17,124.767,87.35,,2.29,2.33
2022-09-07,24.64,3.07,-0.18,124.8408,82.5,,2.28,2.33
2022-09-08,23.61,3.06,-0.19,124.578,84.04,,2.28,2.33
2022-09-09,22.79,3.08,-0.23,123.7874,87.27,,2.28,2.33
2022-09-12,23.87,3.17,-0.21,123.3332,88.18,,2.28,2.33
2022-09-13,27.27,3.28,-0.33,124.4242,87.84,,2.28,2.33
2022-09-14,26.16,3.24,-0.37,124.4509,88.88,,2.27,2.33
2022-09-15,26.27,3.22,-0.42,124.8843,85.72,,2.28,2.33
2022-09-16,26.3,3.2,-0.4,124.8794,85.57,,2.27,2.33
2022-09-19,25.76,3.37,-0.46,125.0104,86.15,,2.27,2.33
2022-09-20,27.16,3.35,-0.39,125.1248,84.69,,2.26,2.33
2022-09-21,27.99,3.31,-0.51,125.7399,83.38,,2.25,2.33
2022-09-22,27.35,3.29,-0.41,126.1667,84.02,,2.99,3.08
2022-09-23,29.92,3.24,-0.51,127.2853,79.07,,2.99,3.08
2022-09-26,32.26,3.39,-0.39,128.4539,77.17,,2.99,3.08
2022-09-27,32.6,3.35,-0.33,128.4386,78.91,,2.98,3.08
2022-09-28,30.18,3.4,-0.35,128.0884,82.61,,2.98,3.08
2022-09-29,31.84,3.36,-0.4,127.5437,81.78,,2.96,3.08
2022-09-30,31.62,3.33,-0.39,127.5148,79.91,,2.98,3.08
2022-10-03,30.1,3.46,-0.45,127.0813,84.05,,3.0,3.08
2022-10-04,29.07,3.45,-0.48,126.1819,86.87,,3.04,3.08
2022-10-05,28.55,3.46,-0.39,126.8616,88.22,,3.04,3.08
2022-10-06,30.52,3.46,-0.4,127.2493,88.9,,3.05,3.08
2022-10-07,31.36,3.45,-0.41,127.3111,93.07,,3.05,3.08
2022-10-11,33.63,3.67,-0.37,127.6641,89.75,,3.05,3.08
2022-10-12,33.57,3.7,-0.37,128.1481,87.83,,3.04,3.08
2022-10-13,31.94,3.79,-0.5,127.7286,89.59,,3.04,3.08
2022-10-14,32.02,3.81,-0.48,128.3325,86.1,,3.04,3.08
2022-10-17,31.37,3.97,-0.43,127.6448,86.0,,3.05,3.08
2022-10-18,30.5,4.04,-0.42,127.9153,83.29,,3.04,3.08
2022-10-19,30.76,4.07,-0.41,128.3968,86.0,,3.04,3.08
2022-10-20,29.98,4.09,-0.38,128.0052,86.02,,3.03,3.08
2022-10-21,29.69,4.09,-0.28,127.6735,85.47,,3.02,3.08
2022-10-24,29.85,4.16,-0.25,128.0304,86.12,,3.01,3.08
2022-10-25,28.46,4.14,-0.32,127.3771,86.93,,3.02,3.08
2022-10-26,27.28,4.11,-0.35,126.4723,89.39,,3.03,3.08
2022-10-27,27.39,4.13,-0.34,126.7028,89.06,,3.04,3.08
2022-10-28,25.75,4.18,-0.39,127.2135,87.85,,3.05,3.08
2022-10-31,25.88,4.22,-0.41,127.6219,86.54,,3.05,3.08
2022-11-01,25.81,4.23,-0.47,127.3987,88.36,,3.05,3.08
2022-11-02,25.86,4.22,-0.51,127.3115,90.06,,3.05,3.08
2022-11-03,25.3,4.25,-0.57,128.1743,88.14,,3.8,3.83
2022-11-04,24.55,4.21,-0.49,127.1468,92.58,,3.8,3.83
2022-11-07,24.35,4.29,-0.5,126.3062,91.8,,3.78,3.83
2022-11-08,25.54,4.28,-0.53,125.633,88.8,,3.78,3.83
2022-11-09,26.09,4.29,-0.49,125.9861,85.79,,3.78,3.83
2022-11-10,23.53,4.28,-0.52,124.7044,86.52,,3.78,3.83
2022-11-14,23.73,4.34,-0.52,123.4277,85.85,,3.79,3.83
2022-11-15,24.54,4.31,-0.57,123.039,86.87,,3.8,3.83
2022-11-16,24.11,4.32,-0.68,123.2817,85.62,,3.81,3.83
2022-11-17,23.93,4.32,-0.66,123.977,81.69,,3.8,3.83
2022-11-18,23.12,4.34,-0.69,123.8524,80.07,,3.8,3.83
2022-11-21,22.36,4.41,-0.65,124.7009,79.74,,3.8,3.83
2022-11-22,21.29,4.4,-0.71,124.2365,80.83,,3.8,3.83
2022-11-23,20.35,4.4,-0.75,123.7574,77.93,,3.79,3.83
2022-11-25,20.5,4.41,-0.74,123.3386,76.45,,3.8,3.83
2022-11-28,22.21,4.41,-0.77,123.6032,77.1,,3.8,3.83
2022-11-29,21.89,4.38,-0.73,123.6615,77.96,,3.81,3.83
2022-11-30,20.58,4.37,-0.7,123.5175,80.48,,3.82,3.83
2022-12-01,19.84,4.33,-0.72,122.0045,81.06,,3.82,3.83
2022-12-02,19.06,4.34,-0.77,122.0102,79.86,,3.81,3.83
2022-12-05,20.75,4.36,-0.81,122.6384,76.83,,3.81,3.83
2022-12-06,22.17,4.37,-0.83,123.0191,74.21,,3.8,3.83
2022-12-07,22.68,4.29,-0.84,122.7608,71.93,,3.8,3.83
2022-12-08,22.29,4.28,-0.83,122.4152,71.3,,3.8,3.83
2022-12-09,22.83,4.31,-0.76,122.4201,71.05,,3.8,3.83
2022-12-12,25.0,4.38,-0.78,122.7714,72.96,,3.8,3.83
2022-12-13,22.55,4.35,-0.71,121.8493,75.44,,3.8,3.83
2022-12-14,21.14,4.33,-0.74,121.8226,77.14,,3.8,3.83
2022-12-15,22.83,4.34,-0.79,122.5519,75.89,,4.32,4.33
2022-12-16,22.62,4.31,-0.69,122.6505,74.19,,4.32,4.33
2022-12-19,22.42,4.37,-0.68,122.5275,75.05,,4.3,4.33
2022-12-20,21.48,4.35,-0.56,122.1357,75.92,,4.3,4.33
2022-12-21,20.07,4.33,-0.53,122.2828,78.17,,4.3,4.33
2022-12-22,21.97,4.35,-0.57,122.2419,77.68,,4.3,4.33
2022-12-23,20.87,4.34,-0.56,121.9743,79.57,,4.3,4.33
2022-12-27,21.65,4.46,-0.48,121.7539,79.45,,4.3,4.33
2022-12-28,22.14,4.46,-0.43,122.0075,78.89,,4.3,4.33
2022-12-29,21.44,4.45,-0.51,121.6577,78.43,,4.3,4.33
2022-12-30,21.67,4.42,-0.53,121.4256,80.16,,4.3,4.33
2023-01-03,22.9,4.53,-0.61,122.0905,76.87,,4.31,4.33
2023-01-04,22.01,4.55,-0.67,121.5008,72.82,,4.3,4.33
2023-01-05,22.46,4.66,-0.74,122.1017,73.61,,4.31,4.33
2023-01-06,21.13,4.67,-0.69,121.0852,73.77,,4.31,4.33
2023-01-09,21.97,4.7,-0.66,120.1508,74.69,,4.31,4.33
2023-01-10,20.58,4.73,-0.63,120.2483,75.11,,4.31,4.33
2023-01-11,21.09,4.72,-0.66,120.1614,77.46,,4.3,4.33
2023-01-12,18.83,4.66,-0.69,119.4218,78.32,,4.3,4.33
2023-01-13,18.35,4.67,-0.73,119.1673,79.9,,4.3,4.33
2023-01-17,19.36,4.71,-0.65,119.2121,80.25,,4.31,4.33
2023-01-18,20.34,4.69,-0.69,119.0755,79.53,,4.3,4.33
2023-01-19,20.52,4.71,-0.7,119.6107,80.31,,4.31,4.33
2023-01-20,19.85,4.72,-0.66,119.3486,81.27,,4.3,4.33
2023-01-23,19.81,4.73,-0.69,119.1434,81.62,,4.3,4.33
2023-01-24,19.2,4.72,-0.66,119.0958,79.86,,4.3,4.33
2023-01-25,19.08,4.72,-0.65,118.9686,79.78,,4.31,4.33
2023-01-26,18.73,4.71,-0.68,119.021,80.64,,4.3,4.33
2023-01-27,18.51,4.73,-0.67,118.9223,79.73,,4.3,4.33
2023-01-30,19.94,4.72,-0.7,118.8953,77.97,,4.3,4.33
2023-01-31,19.4,4.7,-0.69,118.9802,78.95,,4.31,4.33
2023-02-01,17.87,4.66,-0.7,118.6259,76.34,,4.31,4.33
2023-02-02,18.73,4.66,-0.69,118.3421,75.87,,4.56,4.58
2023-02-03,18.33,4.7,-0.77,119.5095,73.4,,4.55,4.58
2023-02-06,19.43,4.71,-0.81,120.541,74.11,,4.55,4.58
2023-02-07,18.66,4.71,-0.8,120.3475,77.17,,4.55,4.58
2023-02-08,19.63,4.72,-0.82,120.1436,78.47,,4.55,4.58
2023-02-09,20.71,4.77,-0.81,119.9781,78.04,,4.55,4.57
2023-02-10,20.53,4.79,-0.76,120.1419,79.74,,4.55,4.58
2023-02-13,20.34,4.81,-0.8,119.9828,80.14,,4.55,4.58
2023-02-14,18.91,4.8,-0.83,119.9229,79.08,,4.55,4.58
2023-02-15,18.23,4.79,-0.81,120.4557,78.57,,4.55,4.58
2023-02-16,20.17,4.84,-0.76,120.4651,78.45,,4.55,4.58
2023-02-17,20.02,4.84,-0.78,120.5526,76.31,,4.55,4.58
2023-02-21,22.87,4.86,-0.72,120.6256,76.28,,4.55,4.58
2023-02-22,22.29,4.84,-0.73,120.8389,73.95,,4.55,4.58
2023-02-23,21.14,4.84,-0.78,121.0896,75.26,,4.55,4.58
2023-02-24,21.67,4.86,-0.83,121.5681,76.19,,4.55,4.58
2023-02-27,20.95,4.89,-0.86,121.3941,75.57,,4.55,4.57
2023-02-28,20.7,4.88,-0.89,121.3341,76.88,,4.55,4.57
2023-03-01,20.58,4.9,-0.88,120.6347,77.57,,4.55,4.58
2023-03-02,19.59,4.91,-0.81,121.1302,78.05,,4.55,4.57
2023-03-03,18.49,4.91,-0.89,120.7742,79.62,,4.55,4.57
2023-03-06,18.61,4.93,-0.91,120.485,80.39,,4.55,4.57
2023-03-07,19.59,5.04,-1.03,121.4623,77.45,,4.55,4.57
2023-03-08,19.11,5.06,-1.07,121.4511,76.56,,4.55,4.57
2023-03-09,22.61,5.05,-0.97,121.4458,75.6,,4.55,4.57
2023-03-10,24.8,5.01,-0.9,121.2421,76.55,,4.55,4.57
2023-03-13,26.52,4.87,-0.48,120.8897,74.68,,4.55,4.58
2023-03-14,23.73,4.88,-0.56,121.0141,71.18,,4.55,4.58
2023-03-15,26.14,4.75,-0.42,122.1079,67.38,,4.58,4.58
2023-03-16,22.99,4.74,-0.58,121.7221,68.15,,4.57,4.58
2023-03-17,25.51,4.52,-0.42,121.5643,66.61,,4.55,4.58
2023-03-20,24.15,4.81,-0.45,121.0141,67.56,,4.55,4.58
2023-03-21,21.38,4.78,-0.58,120.8958,69.4,,4.55,4.58
2023-03-22,22.26,4.79,-0.48,120.6217,70.71,,4.55,4.58
2023-03-23,22.61,4.73,-0.38,119.7587,69.77,,4.8,4.83
2023-03-24,21.74,4.74,-0.38,120.4598,69.22,,4.8,4.83
2023-03-27,20.6,4.91,-0.41,120.2541,72.87,,4.81,4.83
2023-03-28,19.97,4.8,-0.47,119.7138,73.12,,4.84,4.83
2023-03-29,19.12,4.8,-0.51,119.7258,72.95,,4.83,4.83
2023-03-30,19.02,4.97,-0.55,119.4078,74.32,,4.82,4.83
2023-03-31,18.7,4.85,-0.58,119.3602,75.68,,4.87,4.83
2023-04-03,18.55,4.9,-0.54,119.3204,80.4,,4.84,4.83
2023-04-04,19.0,4.88,-0.49,119.142,80.7,,4.83,4.83
2023-04-05,19.08,4.86,-0.49,119.2953,80.69,,4.81,4.83
2023-04-06,18.4,4.91,-0.52,119.3072,80.7,,4.81,4.83
2023-04-07,,4.95,-0.58,119.3547,,,,4.83
2023-04-10,18.97,5.08,-0.59,119.7948,79.79,,4.81,4.83
2023-04-11,19.1,5.04,-0.6,119.5248,81.54,,4.8,4.83
2023-04-12,19.09,5.02,-0.54,119.003,83.26,,4.8,4.83
2023-04-13,17.8,5.1,-0.51,118.3915,82.16,,4.8,4.83
2023-04-14,17.07,5.14,-0.56,118.8567,82.58,,4.8,4.83
2023-04-17,16.95,5.21,-0.58,119.2787,80.93,,4.8,4.83
2023-04-18,16.83,5.2,-0.61,119.1049,80.85,,4.8,4.83
2023-04-19,16.46,5.16,-0.64,119.303,79.18,,4.8,4.83
2023-04-20,17.17,5.12,-0.6,119.1199,77.27,,4.8,4.83
2023-04-21,16.77,5.14,-0.6,119.3117,77.86,,4.8,4.83
2023-04-24,16.89,5.2,-0.6,119.2039,78.64,,4.8,4.83
2023-04-25,18.76,5.12,-0.46,119.613,77.05,,4.8,4.83
2023-04-26,18.84,5.16,-0.47,119.3228,74.33,,4.8,4.83
2023-04-27,17.03,5.18,-0.54,119.4298,74.77,,4.81,4.83
2023-04-28,15.78,5.1,-0.6,119.2248,76.78,,4.81,4.83
2023-05-01,16.08,5.27,-0.55,119.4435,75.65,,4.81,4.83
2023-05-02,17.78,5.24,-0.53,119.6105,71.71,,4.81,4.83
2023-05-03,18.34,5.26,-0.51,119.1233,68.62,,4.81,4.83
2023-05-04,20.09,5.26,-0.38,119.0465,68.52,,5.06,5.08
2023-05-05,17.19,5.26,-0.48,118.5548,71.32,,5.06,5.08
2023-05-08,16.98,5.31,-0.48,118.5759,73.13,,5.06,5.08
2023-05-09,17.71,5.29,-0.48,118.8239,73.68,,5.06,5.08
2023-05-10,16.94,5.24,-0.47,118.5864,72.53,,5.06,5.08
2023-05-11,16.93,5.2,-0.5,119.0303,70.81,,5.05,5.08
2023-05-12,17.03,5.25,-0.52,119.3671,70.02,,5.05,5.08
2023-05-15,17.12,5.21,-0.49,119.1608,71.07,,5.06,5.08
2023-05-16,17.99,5.23,-0.52,119.1743,70.85,,5.05,5.08
2023-05-17,16.87,5.26,-0.55,119.607,72.78,,5.05,5.08
2023-05-18,16.05,5.31,-0.59,120.0886,71.82,,5.05,5.08
2023-05-19,16.81,5.29,-0.58,119.7751,71.57,4.62,5.05,5.08
2023-05-22,17.21,5.4,-0.57,120.0875,71.81,4.54,5.05,5.08
2023-05-23,18.53,5.34,-0.56,120.3204,72.87,4.6,5.05,5.08
2023-05-24,20.03,5.37,-0.58,120.4752,74.37,4.68,5.05,5.08
2023-05-25,19.14,5.38,-0.67,120.8413,71.68,4.58,5.06,5.08
2023-05-26,17.95,5.34,-0.74,120.6304,72.35,4.53,5.06,5.08
2023-05-30,17.46,5.55,-0.77,120.5546,69.45,4.58,5.06,5.08
2023-05-31,17.94,5.52,-0.76,120.9662,68.11,4.69,5.08,5.08
2023-06-01,15.65,5.5,-0.72,120.0491,70.09,4.65,5.08,5.08
2023-06-02,14.6,5.5,-0.81,120.0049,71.76,4.37,5.07,5.08
2023-06-05,14.73,5.46,-0.77,120.0048,72.14,4.39,5.06,5.08
2023-06-06,13.96,5.44,-0.81,119.9718,71.71,4.39,5.05,5.08
2023-06-07,13.94,5.42,-0.77,119.859,72.52,4.33,5.05,5.08
2023-06-08,13.65,5.38,-0.79,119.5712,71.28,4.39,5.05,5.08
2023-06-09,13.83,5.37,-0.84,119.4322,70.16,4.29,5.05,5.08
2023-06-12,15.01,5.4,-0.82,119.6376,67.08,4.34,5.05,5.08
2023-06-13,14.61,5.36,-0.83,119.1899,69.39,4.18,5.05,5.08
2023-06-14,13.88,5.36,-0.91,118.776,68.22,4.18,5.05,5.08
2023-06-15,14.5,5.33,-0.9,118.5521,70.61,4.21,5.06,5.07
2023-06-16,13.54,5.34,-0.93,118.4184,71.81,4.15,5.05,5.08
2023-06-20,13.88,5.39,-0.94,118.938,70.94,4.22,5.05,5.07
2023-06-21,13.2,5.4,-0.96,118.727,72.55,4.32,5.05,5.07
2023-06-22,12.91,5.4,-0.97,118.7552,69.22,4.3,5.05,5.07
2023-06-23,13.44,5.41,-0.97,119.152,68.91,4.4,5.05,5.07
2023-06-26,14.25,5.5,-0.93,119.0761,69.09,4.45,5.05,5.07
2023-06-27,13.74,5.44,-0.97,118.8949,67.68,4.3,5.05,5.07
2023-06-28,13.43,5.44,-1.0,119.3382,69.54,4.27,5.06,5.07
2023-06-29,13.54,5.46,-1.02,119.527,69.85,4.14,5.06,5.07
2023-06-30,13.59,5.43,-1.06,119.3606,70.66,4.05,5.09,5.08
2023-07-03,13.57,5.44,-1.08,119.2119,69.71,3.99,5.06,5.08
2023-07-05,14.18,5.44,-0.99,119.3483,71.78,4.01,5.06,5.08
2023-07-06,15.44,5.46,-0.94,119.8193,71.76,4.1,5.06,5.08
2023-07-07,14.83,5.46,-0.88,119.0761,73.91,4.08,5.06,5.08
2023-07-10,15.07,5.48,-0.84,118.9548,73.05,4.13,5.06,5.07
2023-07-11,14.84,5.49,-0.89,118.7344,74.87,4.05,5.06,5.08
2023-07-12,13.54,5.47,-0.86,117.6385,75.77,3.95,5.05,5.08
2023-07-13,13.61,5.47,-0.83,117.1831,76.86,3.97,5.06,5.08
2023-07-14,13.34,5.49,-0.91,117.0463,75.44,3.9,5.05,5.08
2023-07-17,13.48,5.49,-0.93,117.1267,74.17,3.97,5.06,5.08
2023-07-18,13.3,5.49,-0.94,117.0264,75.76,3.9,5.06,5.08
2023-07-19,13.76,5.49,-0.99,117.3462,75.4,3.89,5.05,5.08
2023-07-20,13.99,5.49,-0.95,117.5947,75.65,3.9,5.06,5.08
2023-07-21,13.6,5.5,-0.98,117.9418,77.06,3.89,5.05,5.08
2023-07-24,13.91,5.51,-0.95,117.8124,78.81,3.82,5.05,5.08
2023-07-25,13.86,5.51,-0.94,117.8565,79.76,3.84,5.06,5.08
2023-07-26,13.19,5.51,-0.96,117.76,79.11,3.91,5.06,5.08
2023-07-27,14.41,5.51,-0.9,117.8938,80.17,3.78,5.31,5.33
2023-07-28,13.33,5.52,-0.91,117.788,80.55,3.82,5.3,5.33
2023-07-31,13.63,5.55,-0.91,117.8241,81.8,3.79,5.31,5.33
2023-08-01,13.93,5.54,-0.87,118.5738,81.37,3.82,5.31,5.33
2023-08-02,16.09,5.53,-0.8,119.1268,79.5,3.96,5.3,5.33
2023-08-03,15.92,5.54,-0.7,119.3963,81.56,3.98,5.3,5.33
2023-08-04,17.1,5.54,-0.73,118.821,82.76,4.01,5.3,5.33
2023-08-07,15.77,5.56,-0.67,119.0809,81.94,3.97,5.3,5.33
2023-08-08,15.99,5.57,-0.72,119.6407,82.94,4.0,5.3,5.33
2023-08-09,15.96,5.55,-0.79,119.476,84.35,3.94,5.3,5.33
2023-08-10,15.85,5.54,-0.73,119.1581,82.81,3.83,5.3,5.33
2023-08-11,14.84,5.54,-0.73,119.6268,83.17,3.83,5.3,5.33
2023-08-14,14.82,5.56,-0.77,120.0725,82.5,3.79,5.3,5.33
2023-08-15,16.46,5.56,-0.71,120.2127,81.06,3.85,5.3,5.33
2023-08-16,16.78,5.56,-0.69,120.3551,79.4,3.81,5.3,5.33
2023-08-17,17.89,5.56,-0.64,120.5242,80.43,3.95,5.3,5.33
2023-08-18,17.3,5.55,-0.66,120.4321,81.25,4.02,5.3,5.33
2023-08-21,17.13,5.57,-0.63,120.4627,80.71,3.97,5.3,5.33
2023-08-22,16.97,5.57,-0.68,120.3554,80.25,3.93,5.3,5.33
2023-08-23,15.98,5.57,-0.76,120.0307,78.91,3.92,5.3,5.33
2023-08-24,17.2,5.58,-0.75,120.2354,79.52,3.91,5.3,5.33
2023-08-25,15.68,5.61,-0.78,120.5137,80.47,3.9,5.3,5.33
2023-08-28,15.08,5.58,-0.78,120.3155,80.65,3.86,5.3,5.33
2023-08-29,14.45,5.56,-0.75,120.2669,81.14,3.87,5.3,5.33
2023-08-30,13.88,5.56,-0.78,119.7937,81.64,3.8,5.3,5.33
2023-08-31,13.57,5.56,-0.76,120.225,83.55,3.85,5.31,5.33
2023-09-01,13.09,5.53,-0.69,120.759,85.52,3.81,5.31,5.33
2023-09-05,14.01,5.55,-0.67,121.4345,86.74,3.83,5.31,5.33
2023-09-06,14.45,5.55,-0.71,121.8671,87.55,3.86,5.3,5.33
2023-09-07,14.4,5.53,-0.67,121.9528,86.87,3.9,5.31,5.33
2023-09-08,13.84,5.55,-0.72,121.9475,87.51,3.85,5.3,5.33
2023-09-11,13.8,5.55,-0.68,121.3386,87.3,3.82,5.3,5.33
2023-09-12,14.23,5.56,-0.71,121.2913,88.87,3.84,5.3,5.33
2023-09-13,13.48,5.55,-0.71,121.0549,88.59,3.85,5.3,5.33
2023-09-14,12.82,5.55,-0.71,121.2395,90.13,3.78,5.3,5.33
2023-09-15,13.79,5.56,-0.69,121.199,90.83,3.79,5.31,5.33
2023-09-18,14.0,5.55,-0.73,121.1938,91.47,3.82,5.31,5.33
2023-09-19,14.11,5.54,-0.71,121.1645,91.16,3.82,5.31,5.33
2023-09-20,15.14,5.56,-0.77,120.9648,89.2,3.77,5.3,5.33
2023-09-21,17.54,5.57,-0.63,121.5528,89.56,3.89,5.3,5.33
2023-09-22,17.2,5.56,-0.66,121.5306,90.0,3.93,5.3,5.33
2023-09-25,16.9,5.58,-0.54,122.1143,89.68,3.97,5.31,5.33
2023-09-26,18.94,5.58,-0.48,122.4742,91.43,4.04,5.31,5.33
2023-09-27,18.22,5.58,-0.49,122.9895,93.67,4.03,5.32,5.33
2023-09-28,17.34,5.56,-0.45,122.5342,91.65,4.09,5.31,5.33
2023-09-29,17.52,5.55,-0.44,122.3077,90.77,4.03,5.31,5.33
2023-10-02,17.61,5.62,-0.43,123.0545,88.81,4.11,5.32,5.33
2023-10-03,19.78,5.62,-0.34,123.7848,89.26,4.26,5.33,5.33
2023-10-04,18.58,5.61,-0.32,123.5946,84.32,4.37,5.32,5.33
2023-10-05,18.49,5.61,-0.31,123.8993,82.3,4.38,5.32,5.33
2023-10-06,17.45,5.63,-0.3,123.3563,82.83,4.33,5.31,5.33
2023-10-10,17.03,5.61,-0.3,122.9282,85.89,4.26,5.31,5.33
2023-10-11,16.09,5.61,-0.41,122.7697,83.7,4.25,5.31,5.33
2023-10-12,16.69,5.63,-0.36,123.2101,82.87,4.25,5.31,5.33
2023-10-13,19.32,5.62,-0.41,123.5954,87.67,4.3,5.31,5.33
2023-10-16,17.21,5.61,-0.38,123.3185,86.65,4.27,5.31,5.33
2023-10-17,17.88,5.62,-0.36,123.1202,86.66,4.25,5.31,5.33
2023-10-18,19.22,5.61,-0.28,123.8148,88.35,4.32,5.3,5.33
2023-10-19,21.4,5.6,-0.16,123.798,89.35,4.37,5.3,5.33
2023-10-20,21.71,5.58,-0.14,123.612,89.12,4.52,5.3,5.33
2023-10-23,20.37,5.58,-0.19,123.2846,85.49,4.51,5.3,5.33
2023-10-24,18.97,5.58,-0.19,123.6416,84.58,4.41,5.3,5.33
2023-10-25,20.19,5.59,-0.13,123.7871,86.07,4.37,5.3,5.33
2023-10-26,20.68,5.59,-0.16,124.0064,83.8,4.5,5.31,5.33
2023-10-27,21.27,5.59,-0.15,123.62,86.04,4.53,5.31,5.33
2023-10-30,19.75,5.6,-0.15,123.4076,83.03,4.5,5.31,5.33
2023-10-31,18.14,5.59,-0.19,123.8364,81.64,4.42,5.35,5.33
2023-11-01,16.87,5.57,-0.18,123.7922,81.05,4.47,5.32,5.33
2023-11-02,15.66,5.54,-0.31,122.8818,83.04,4.15,5.33,5.33
2023-11-03,14.91,5.53,-0.26,121.7564,81.19,4.04,5.32,5.33
2023-11-06,14.89,5.56,-0.26,121.6484,81.54,4.0,5.32,5.33
2023-11-07,14.81,5.55,-0.33,122.0777,77.96,4.08,5.32,5.33
2023-11-08,14.45,5.54,-0.44,122.0926,75.85,4.08,5.32,5.33
2023-11-09,15.29,5.54,-0.41,122.1281,76.34,4.04,5.32,5.33
2023-11-13,14.76,5.55,-0.39,122.4264,78.86,4.03,5.32,5.33
2023-11-14,14.16,5.52,-0.36,121.35,78.9,3.92,5.32,5.33
2023-11-15,14.18,5.53,-0.37,121.0749,77.15,3.89,5.32,5.33
2023-11-16,14.32,5.51,-0.38,121.1754,73.5,4.02,5.32,5.33
2023-11-17,13.8,5.5,-0.44,120.8477,76.47,3.99,5.32,5.33
2023-11-20,13.41,5.54,-0.47,120.2533,78.1,3.92,5.31,5.33
2023-11-21,13.35,5.53,-0.45,120.2241,78.35,3.95,5.31,5.33
2023-11-22,12.85,5.54,-0.47,120.6802,76.8,3.9,5.31,5.33
2023-11-24,12.46,5.54,-0.45,120.2105,74.83,3.85,5.32,5.33
2023-11-27,12.69,5.49,-0.45,120.173,74.46,3.89,5.32,5.33
2023-11-28,12.69,5.47,-0.39,119.5904,76.09,3.9,5.32,5.33
2023-11-29,12.98,5.45,-0.37,119.8159,77.56,3.8,5.31,5.33
2023-11-30,12.92,5.45,-0.36,120.2434,75.66,3.84,5.33,5.33
2023-12-01,12.63,5.43,-0.34,119.9424,73.7,3.87,5.39,5.33
2023-12-04,13.08,5.46,-0.36,120.4727,72.73,3.8,5.37,5.33
2023-12-05,12.85,5.45,-0.39,120.7913,71.95,3.8,5.33,5.33
2023-12-06,12.97,5.45,-0.48,120.5334,68.98,3.79,5.32,5.33
2023-12-07,13.06,5.44,-0.44,120.6013,69.0,3.77,5.32,5.33
2023-12-08,12.35,5.44,-0.48,120.7607,70.87,3.75,5.32,5.33
2023-12-11,12.63,5.47,-0.48,120.9279,70.95,3.79,5.32,5.33
2023-12-12,12.07,5.46,-0.53,120.6817,68.27,3.76,5.31,5.33
2023-12-13,12.19,5.44,-0.42,121.1571,69.09,3.79,5.31,5.33
2023-12-14,12.48,5.43,-0.45,119.5683,71.21,3.47,5.31,5.33
2023-12-15,12.28,5.44,-0.53,119.7382,71.05,3.51,5.32,5.33
2023-12-18,12.56,5.46,-0.48,119.9102,72.16,3.51,5.32,5.33
2023-12-19,12.53,5.43,-0.48,119.4632,73.23,3.46,5.31,5.33
2023-12-20,13.67,5.44,-0.48,119.5435,73.87,3.43,5.31,5.33
2023-12-21,13.65,5.42,-0.44,119.3168,73.59,3.41,5.31,5.33
2023-12-22,13.03,5.44,-0.41,119.0625,73.29,3.39,5.32,5.33
2023-12-26,12.99,5.45,-0.37,118.8875,75.84,3.37,5.35,5.33
2023-12-27,12.43,5.44,-0.41,118.4729,74.31,3.34,5.39,5.33
2023-12-28,12.47,5.45,-0.42,118.4104,72.02,3.32,5.4,5.33
2023-12-29,12.45,5.4,-0.35,118.4208,71.89,3.34,5.38,5.33
2024-01-02,13.2,5.46,-0.38,119.2686,70.62,3.54,5.4,5.33
2024-01-03,14.04,5.48,-0.42,119.6958,72.97,3.71,5.39,5.33
2024-01-04,14.13,5.48,-0.39,119.6208,72.38,3.69,5.32,5.33
2024-01-05,13.35,5.47,-0.35,119.388,74.0,3.68,5.31,5.33
2024-01-08,13.08,5.49,-0.35,119.2506,71.06,3.63,5.31,5.33
2024-01-09,12.76,5.47,-0.34,119.6666,72.43,3.59,5.31,5.33
2024-01-10,12.69,5.46,-0.33,119.7614,71.57,3.5,5.31,5.33
2024-01-11,12.44,5.46,-0.28,119.8916,72.15,3.55,5.31,5.33
2024-01-12,12.7,5.45,-0.18,119.534,72.94,3.56,5.31,5.33
2024-01-16,13.84,5.45,-0.15,120.5759,72.63,3.58,5.32,5.33
2024-01-17,14.79,5.47,-0.24,121.0402,72.79,3.62,5.32,5.33
2024-01-18,14.13,5.45,-0.2,120.8895,74.32,3.58,5.31,5.33
2024-01-19,13.3,5.45,-0.24,120.6442,73.69,3.54,5.31,5.33
2024-01-22,13.19,5.46,-0.26,120.6178,75.26,3.49,5.31,5.33
2024-01-23,12.55,5.45,-0.17,121.1001,74.72,3.51,5.31,5.33
2024-01-24,13.14,5.44,-0.16,120.4916,75.48,3.44,5.31,5.33
2024-01-25,13.45,5.44,-0.14,120.8311,77.91,3.45,5.32,5.33
2024-01-26,13.26,5.44,-0.19,120.6173,78.45,3.39,5.32,5.33
2024-01-29,13.6,5.42,-0.21,120.8538,77.25,3.41,5.31,5.33
2024-01-30,13.31,5.42,-0.3,120.6025,78.3,3.42,5.31,5.33
2024-01-31,14.35,5.42,-0.28,120.4331,76.28,3.59,5.32,5.33
2024-02-01,13.88,5.42,-0.33,120.3335,74.36,3.56,5.32,5.33
2024-02-02,13.85,5.43,-0.33,120.902,72.72,3.47,5.32,5.33
2024-02-05,13.67,5.42,-0.29,121.349,73.21,3.5,5.31,5.33
2024-02-06,13.06,5.44,-0.3,120.9588,73.83,3.52,5.31,5.33
2024-02-07,12.83,5.43,-0.32,120.9049,74.26,3.43,5.31,5.33
2024-02-08,12.79,5.44,-0.31,121.0798,76.67,3.38,5.31,5.33
2024-02-09,12.93,5.44,-0.31,121.039,77.26,3.33,5.31,5.33
2024-02-12,13.93,5.43,-0.29,120.9378,77.34,3.35,5.31,5.33
2024-02-13,15.85,5.45,-0.33,121.5202,78.28,3.36,5.31,5.33
2024-02-14,14.38,5.43,-0.29,121.4002,77.09,3.38,5.3,5.33
2024-02-15,14.01,5.43,-0.32,121.2121,78.47,3.35,5.31,5.33
2024-02-16,14.24,5.44,-0.34,121.1505,79.65,3.34,5.3,5.33
2024-02-20,15.42,5.44,-0.32,121.0199,78.72,3.37,5.3,5.33
2024-02-21,15.34,5.44,-0.32,121.0379,78.89,3.34,5.3,5.33
2024-02-22,14.54,5.45,-0.36,121.102,79.64,3.22,5.3,5.33
2024-02-23,13.75,5.46,-0.41,121.0369,77.6,3.23,5.31,5.33
2024-02-26,13.74,5.47,-0.41,121.0592,78.53,3.23,5.31,5.33
2024-02-27,13.43,5.45,-0.39,120.9647,79.8,3.26,5.31,5.33
2024-02-28,13.84,5.45,-0.37,121.128,79.44,3.31,5.31,5.33
2024-02-29,13.4,5.45,-0.39,121.1824,79.22,3.29,5.32,5.33
2024-03-01,13.11,5.42,-0.35,121.0111,80.9,3.32,5.31,5.33
2024-03-04,13.49,5.48,-0.39,120.872,79.67,3.26,5.31,5.33
2024-03-05,14.46,5.47,-0.41,120.8846,79.11,3.31,5.31,5.33
2024-03-06,14.5,5.47,-0.44,120.4649,80.08,3.27,5.31,5.33
2024-03-07,14.44,5.47,-0.41,120.1909,79.81,3.27,5.31,5.33
2024-03-08,14.74,5.46,-0.39,119.975,78.96,3.26,5.31,5.33
2024-03-11,15.22,5.48,-0.41,120.0394,78.87,3.26,5.31,5.33
2024-03-12,13.84,5.48,-0.42,120.1668,78.51,3.2,5.31,5.33
2024-03-13,13.75,5.48,-0.42,119.9642,80.67,3.15,5.31,5.33
2024-03-14,14.4,5.48,-0.39,120.241,82.16,3.15,5.31,5.33
2024-03-15,14.41,5.48,-0.41,120.4003,81.94,3.16,5.31,5.33
2024-03-18,14.33,5.48,-0.39,120.5752,83.68,3.13,5.31,5.33
2024-03-19,13.82,5.48,-0.38,120.9332,84.39,3.1,5.31,5.33
2024-03-20,13.04,5.47,-0.32,120.9289,82.79,3.14,5.31,5.33
2024-03-21,12.92,5.48,-0.35,120.8086,81.99,3.05,5.31,5.33
2024-03-22,13.06,5.46,-0.37,121.1842,81.1,3.08,5.31,5.33
2024-03-25,13.19,5.46,-0.29,121.0295,82.41,3.11,5.31,5.33
2024-03-26,13.24,5.46,-0.32,121.0742,82.41,3.15,5.32,5.33
2024-03-27,12.78,5.45,-0.34,121.0089,82.15,3.15,5.33,5.33
2024-03-28,13.01,5.46,-0.39,121.0635,83.96,3.12,5.34,5.33
2024-03-29,,,,121.0191,,,,5.33
2024-04-01,13.65,5.44,-0.39,121.5151,84.54,3.12,5.35,5.33
2024-04-02,14.61,5.42,-0.34,121.3035,85.95,3.23,5.34,5.33
2024-04-03,14.33,5.42,-0.32,121.0198,86.22,3.23,5.32,5.33
2024-04-04,16.35,5.41,-0.34,120.7613,87.37,3.24,5.32,5.33
2024-04-05,16.03,5.43,-0.34,120.9646,87.69,3.18,5.32,5.33
2024-04-08,15.19,5.43,-0.36,120.7359,87.24,3.15,5.31,5.33
2024-04-09,14.98,5.43,-0.38,120.7048,86.04,3.14,5.31,5.33
2024-04-10,15.8,5.45,-0.42,121.5727,86.98,3.1,5.31,5.33
2024-04-11,14.91,5.45,-0.37,121.6081,85.79,3.16,5.31,5.33
2024-04-12,17.31,5.45,-0.38,122.2885,86.46,3.25,5.31,5.33
2024-04-15,19.23,5.45,-0.3,122.425,86.21,3.28,5.32,5.33
2024-04-16,18.4,5.45,-0.3,123.1234,86.15,3.36,5.31,5.33
2024-04-17,18.21,5.45,-0.34,123.0207,83.58,3.42,5.31,5.33
2024-04-18,18.0,5.46,-0.34,123.0017,83.5,3.39,5.3,5.33
2024-04-19,18.71,5.45,-0.35,123.1075,83.79,3.37,5.31,5.33
2024-04-22,16.94,5.42,-0.35,123.0609,83.82,3.29,5.31,5.33
2024-04-23,15.69,5.45,-0.25,122.7227,84.17,3.2,5.31,5.33
2024-04-24,15.97,5.46,-0.24,122.89,84.09,3.19,5.31,5.33
2024-04-25,15.37,5.47,-0.26,122.8384,84.92,3.24,5.31,5.33
2024-04-26,15.03,5.46,-0.29,122.9471,85.38,3.16,5.32,5.33
2024-04-29,14.67,5.45,-0.34,122.5449,84.26,3.12,5.32,5.33
2024-04-30,15.65,5.46,-0.35,122.9853,83.49,3.18,5.34,5.33
2024-05-01,15.39,5.46,-0.33,123.0168,80.7,3.21,5.32,5.33
2024-05-02,14.68,5.46,-0.29,122.4384,80.59,3.16,5.31,5.33
2024-05-03,13.49,5.45,-0.31,122.1375,79.65,3.08,5.31,5.33
2024-05-06,13.49,5.45,-0.33,121.8913,80.1,3.03,5.31,5.33
2024-05-07,13.23,5.45,-0.35,122.093,79.97,3.06,5.31,5.33
2024-05-08,13.0,5.45,-0.36,122.1926,80.57,3.1,5.31,5.33
2024-05-09,12.69,5.46,-0.35,122.1634,80.86,3.14,5.31,5.33
2024-05-10,12.55,5.47,-0.37,122.014,79.81,3.12,5.31,5.33
2024-05-13,13.6,5.45,-0.37,122.0261,80.71,3.14,5.31,5.33
2024-05-14,13.42,5.44,-0.36,121.9256,79.62,3.14,5.31,5.33
2024-05-15,12.45,5.45,-0.37,121.3543,80.23,3.13,5.31,5.33
2024-05-16,12.42,5.45,-0.4,121.2236,80.85,3.08,5.31,5.33
2024-05-17,11.99,5.46,-0.41,121.2354,81.66,3.09,5.31,5.33
2024-05-20,12.15,5.45,-0.38,121.2289,81.39,3.07,5.31,5.33
2024-05-21,11.86,5.45,-0.41,121.3793,80.66,3.07,5.31,5.33
2024-05-22,12.29,5.45,-0.43,121.5462,79.15,3.11,5.31,5.33
2024-05-23,12.77,5.46,-0.44,121.7477,77.47,3.1,5.31,5.33
2024-05-24,11.93,5.46,-0.47,121.6172,78.48,3.11,5.32,5.33
2024-05-28,12.92,5.46,-0.4,121.43,80.9,3.09,5.32,5.33
2024-05-29,14.28,5.46,-0.35,122.1641,80.24,3.15,5.33,5.33
2024-05-30,14.47,5.46,-0.37,121.9601,78.96,3.19,5.33,5.33
2024-05-31,12.92,5.46,-0.38,122.098,77.97,3.2,5.34,5.33
2024-06-03,13.11,5.52,-0.41,122.3509,75.26,3.17,5.35,5.33
2024-06-04,13.16,5.52,-0.44,122.7256,74.27,3.22,5.33,5.33
2024-06-05,12.63,5.51,-0.43,122.5339,75.08,3.2,5.33,5.33
2024-06-06,12.58,5.51,-0.44,122.3713,76.52,3.2,5.33,5.33
2024-06-07,12.22,5.52,-0.44,123.549,76.53,3.15,5.33,5.33
2024-06-10,12.74,5.52,-0.4,123.9125,78.75,3.15,5.32,5.33
2024-06-11,12.85,5.52,-0.42,124.0349,78.88,3.19,5.32,5.33
2024-06-12,12.04,5.51,-0.44,123.8295,79.56,3.09,5.31,5.33
2024-06-13,11.94,5.51,-0.44,124.0235,79.61,3.2,5.31,5.33
2024-06-14,12.66,5.51,-0.47,124.1694,79.41,3.29,5.31,5.33
2024-06-17,12.75,5.52,-0.47,124.239,81.33,3.26,5.33,5.33
2024-06-18,12.3,5.5,-0.47,123.9776,82.67,3.24,5.33,5.33
2024-06-20,13.28,5.5,-0.45,124.192,83.34,3.23,5.32,5.33
2024-06-21,13.2,5.49,-0.45,124.1086,81.71,3.21,5.31,5.33
2024-06-24,13.33,5.5,-0.46,123.7125,82.63,3.19,5.31,5.33
2024-06-25,12.84,5.49,-0.42,123.9417,81.97,3.19,5.33,5.33
2024-06-26,12.55,5.5,-0.39,124.26,82.19,3.18,5.34,5.33
2024-06-27,12.24,5.49,-0.41,124.3379,83.04,3.21,5.34,5.33
2024-06-28,12.44,5.48,-0.35,124.2103,82.83,3.18,5.33,5.33
2024-07-01,12.22,5.47,-0.29,124.4667,84.7,3.21,5.4,5.33
2024-07-02,12.03,5.47,-0.31,124.2917,84.09,3.23,5.35,5.33
2024-07-03,12.09,5.47,-0.35,123.7768,85.19,3.25,5.33,5.33
2024-07-05,12.48,5.46,-0.32,123.4762,84.44,3.27,5.32,5.33
2024-07-08,12.37,5.46,-0.34,123.3576,83.63,3.2,5.32,5.33
2024-07-09,12.51,5.46,-0.32,123.4071,82.78,3.21,5.34,5.33
2024-07-10,12.85,5.46,-0.34,123.1895,83.39,3.17,5.34,5.33
2024-07-11,12.92,5.44,-0.3,122.769,83.92,3.18,5.34,5.33
2024-07-12,12.46,5.43,-0.27,122.4404,83.49,3.19,5.34,5.33
2024-07-15,13.12,5.43,-0.21,122.6347,83.22,3.13,5.34,5.33
2024-07-16,13.19,5.43,-0.26,122.7264,81.92,3.08,5.35,5.33
2024-07-17,14.48,5.43,-0.26,122.518,84.16,3.09,5.35,5.33
2024-07-18,15.93,5.43,-0.26,122.7909,84.17,3.09,5.34,5.33
2024-07-19,16.52,5.43,-0.24,123.147,81.43,3.09,5.34,5.33
2024-07-22,14.91,5.43,-0.24,123.2172,81.25,3.05,5.33,5.33
2024-07-23,14.72,5.41,-0.15,123.3843,78.24,3.02,5.34,5.33
2024-07-24,18.04,5.4,-0.09,123.5575,78.78,3.1,5.34,5.33
2024-07-25,18.46,5.39,-0.14,123.5286,79.43,3.08,5.35,5.33
2024-07-26,16.39,5.38,-0.16,123.672,78.58,3.1,5.35,5.33
2024-07-29,16.6,5.41,-0.19,124.1392,77.27,3.13,5.33,5.33
2024-07-30,17.69,5.4,-0.2,124.2855,76.17,3.2,5.33,5.33
2024-07-31,16.36,5.41,-0.2,123.6373,79.36,3.25,5.38,5.33
2024-08-01,18.59,5.37,-0.17,123.8693,77.74,3.35,5.35,5.33
2024-08-02,23.39,5.29,-0.08,123.4681,74.99,3.72,5.35,5.33
2024-08-05,38.57,5.35,-0.11,123.5787,74.46,3.93,5.32,5.33
2024-08-06,27.71,5.34,-0.09,123.6532,74.6,3.67,5.33,5.33
2024-08-07,27.85,5.34,-0.04,123.5698,76.68,3.57,5.33,5.33
2024-08-08,23.79,5.34,-0.05,123.4466,77.64,3.48,5.34,5.33
2024-08-09,20.37,5.33,-0.11,122.9276,78.28,3.49,5.34,5.33
2024-08-12,20.71,5.33,-0.11,123.2204,81.45,3.52,5.34,5.33
2024-08-13,18.12,5.32,-0.08,123.0146,79.81,3.54,5.34,5.33
2024-08-14,16.19,5.32,-0.11,122.4297,78.47,3.46,5.33,5.33
2024-08-15,15.23,5.34,-0.16,122.5844,79.66,3.31,5.35,5.33
2024-08-16,14.8,5.33,-0.17,122.3972,78.05,3.29,5.32,5.33
2024-08-19,14.65,5.31,-0.2,121.8788,75.82,3.21,5.32,5.33
2024-08-20,15.88,5.29,-0.17,121.7728,75.27,3.25,5.32,5.33
2024-08-21,16.27,5.26,-0.13,121.8535,72.76,3.27,5.31,5.33
2024-08-22,17.55,5.28,-0.13,122.3626,73.72,3.21,5.31,5.33
2024-08-23,15.86,5.25,-0.09,121.4597,75.82,3.19,5.33,5.33
2024-08-26,16.15,5.24,-0.09,121.6943,78.4,3.15,5.34,5.33
2024-08-27,15.43,5.23,0.0,121.8672,76.5,3.17,5.35,5.33
2024-08-28,17.11,5.21,0.01,121.8943,75.49,3.19,5.35,5.33
2024-08-29,15.65,5.22,0.0,122.2333,76.9,3.15,5.33,5.33
2024-08-30,15.0,5.21,0.0,122.3262,74.52,3.13,5.32,5.33
2024-09-03,20.72,5.19,-0.04,122.7811,71.28,3.31,5.34,5.33
2024-09-04,21.32,5.18,0.01,122.5144,70.11,3.35,5.35,5.33
2024-09-05,19.9,5.15,-0.02,122.4533,70.09,3.29,5.35,5.33
2024-09-06,22.38,5.13,0.06,122.4991,68.58,3.39,5.34,5.33
2024-09-09,19.45,5.11,0.02,122.7156,69.65,3.36,5.34,5.33
2024-09-10,19.08,5.06,0.06,123.0071,66.73,3.46,5.33,5.33
2024-09-11,17.69,5.1,0.03,122.7754,68.25,3.44,5.32,5.33
2024-09-12,17.07,5.06,0.04,122.4423,69.89,3.39,5.33,5.33
2024-09-13,16.56,4.97,0.09,121.6551,69.59,3.37,5.33,5.33
2024-09-16,17.14,4.96,0.07,121.4976,71.1,3.32,5.38,5.33
2024-09-17,17.61,4.95,0.06,121.6031,72.16,3.25,5.38,5.33
2024-09-18,18.23,4.84,0.09,121.5618,71.87,3.21,5.33,5.33
2024-09-19,16.33,4.8,0.14,121.3059,72.86,3.1,4.82,4.83
2024-09-20,16.15,4.75,0.18,121.4052,72.72,3.15,4.83,4.83
2024-09-23,15.89,4.72,0.18,121.4303,71.33,3.15,4.83,4.83
2024-09-24,15.39,4.69,0.25,121.1291,72.34,3.21,4.84,4.83
2024-09-25,15.41,4.69,0.26,121.4447,70.42,3.19,4.84,4.83
2024-09-26,15.37,4.68,0.19,121.0785,68.28,3.14,4.83,4.83
2024-09-27,16.96,4.68,0.2,121.1111,68.72,3.14,4.84,4.83
2024-09-30,16.73,4.73,0.15,121.2864,68.75,3.03,4.96,4.83
2024-10-01,19.26,4.71,0.13,121.6881,70.41,3.07,5.05,4.83
2024-10-02,18.9,4.69,0.16,121.5724,70.74,3.06,4.92,4.83
2024-10-03,20.49,4.68,0.15,122.1197,74.33,3.04,4.85,4.83
2024-10-04,19.21,4.73,0.05,122.2197,74.93,2.89,4.83,4.83
2024-10-07,22.64,4.77,0.04,122.4241,77.76,2.95,4.83,4.83
2024-10-08,21.42,4.75,0.06,122.6625,74.26,2.99,4.84,4.83
2024-10-09,20.86,4.75,0.07,122.8821,73.85,2.94,4.83,4.83
2024-10-10,20.93,4.75,0.11,123.0951,76.46,2.99,4.82,4.83
2024-10-11,20.46,4.73,0.13,122.9805,76.11,2.98,4.81,4.83
2024-10-15,20.64,4.73,0.08,123.5124,71.22,2.93,4.86,4.83
2024-10-16,19.58,4.72,0.09,123.9235,70.97,2.9,4.86,4.83
2024-10-17,19.11,4.74,0.13,124.1122,71.26,2.89,4.85,4.83
2024-10-18,18.03,4.73,0.13,123.9185,69.78,2.88,4.84,4.83
2024-10-21,18.37,4.73,0.17,124.4757,71.16,2.88,4.82,4.83
2024-10-22,18.2,4.72,0.17,124.4107,72.84,2.92,4.83,4.83
2024-10-23,19.24,4.73,0.17,124.6931,71.37,2.95,4.83,4.83
2024-10-24,19.08,4.7,0.14,124.5127,70.58,2.93,4.83,4.83
2024-10-25,20.33,4.73,0.14,124.6105,72.02,2.89,4.83,4.83
2024-10-28,19.8,4.7,0.16,124.8076,67.65,2.82,4.82,4.83
2024-10-29,19.34,4.7,0.17,124.8612,67.48,2.85,4.82,4.83
2024-10-30,20.35,4.67,0.14,124.8153,68.91,2.8,4.81,4.83
2024-10-31,23.16,4.64,0.12,124.7988,69.58,2.88,4.9,4.83
2024-11-01,21.88,4.61,0.16,124.8076,69.81,2.83,4.86,4.83
2024-11-04,21.98,4.65,0.14,124.5903,71.83,2.87,4.82,4.83
2024-11-05,20.49,4.64,0.07,124.5532,72.26,2.86,4.82,4.83
2024-11-06,16.27,4.64,0.15,125.7035,71.98,2.74,4.81,4.83
2024-11-07,15.2,4.63,0.1,124.775,72.69,2.73,4.82,4.83
2024-11-08,14.94,4.63,0.04,125.5811,70.69,2.63,4.6,4.58
2024-11-12,14.71,4.63,0.09,126.7762,68.43,2.61,4.6,4.58
2024-11-13,14.02,4.6,0.17,126.9572,68.76,2.64,4.59,4.58
2024-11-14,14.31,4.61,0.09,127.0015,68.99,2.6,4.58,4.58
2024-11-15,16.14,4.6,0.12,126.8848,67.33,2.72,4.57,4.58
2024-11-18,15.58,4.63,0.13,126.6045,69.46,2.72,4.57,4.58
2024-11-19,16.35,4.62,0.12,126.3994,69.75,2.69,4.57,4.58
2024-11-20,17.16,4.62,0.1,126.88,69.25,2.67,4.56,4.58
2024-11-21,16.87,4.63,0.09,127.1047,70.39,2.61,4.57,4.58
2024-11-22,15.24,4.63,0.04,127.4712,71.68,2.61,4.57,4.58
2024-11-25,14.6,4.62,0.06,126.9948,69.41,2.64,4.58,4.58
2024-11-26,14.1,4.61,0.09,127.4301,69.05,2.68,4.58,4.58
2024-11-27,14.1,4.6,0.06,126.8205,69.03,2.69,4.57,4.58
2024-11-29,13.51,4.58,0.05,126.5798,68.26,2.72,4.59,4.58
2024-12-02,13.34,4.51,0.02,127.1272,68.35,2.68,4.64,4.58
2024-12-03,13.3,4.49,0.06,126.9565,70.15,2.66,4.64,4.58
2024-12-04,13.45,4.47,0.06,126.7574,68.81,2.66,4.59,4.58
2024-12-05,13.54,4.46,0.02,126.4286,68.58,2.66,4.59,4.58
2024-12-06,12.77,4.42,0.05,126.688,68.58,2.67,4.6,4.58
2024-12-09,14.19,4.42,0.07,126.5981,68.65,2.67,4.63,4.58
2024-12-10,14.18,4.41,0.07,126.957,68.85,2.67,4.64,4.58
2024-12-11,13.58,4.38,0.11,126.8483,70.57,2.64,4.62,4.58
2024-12-12,13.92,4.35,0.14,126.9556,70.25,2.66,4.62,4.58
2024-12-13,13.81,4.34,0.15,127.3096,71.54,2.68,4.6,4.58
2024-12-16,14.69,4.37,0.14,127.2687,71.03,2.69,4.65,4.58
2024-12-17,15.87,4.38,0.15,127.5043,70.31,2.75,4.62,4.58
2024-12-18,27.62,4.36,0.15,127.6418,70.8,2.73,4.57,4.58
2024-12-19,24.09,4.35,0.25,128.6366,70.1,2.91,4.3,4.33
2024-12-20,18.36,4.34,0.22,127.893,69.71,2.86,4.3,4.33
2024-12-23,16.78,4.36,0.29,128.3021,69.5,2.85,4.31,4.33
2024-12-24,14.27,4.4,0.3,128.3377,70.87,2.86,4.4,4.33
2024-12-26,14.73,4.35,0.28,128.3329,70.38,2.86,4.53,4.33
2024-12-27,15.95,4.31,0.31,128.45,71.28,2.84,4.46,4.33
2024-12-30,17.4,4.37,0.31,128.8205,71.73,2.94,4.37,4.33
2024-12-31,17.35,4.37,0.33,129.2775,72.44,2.92,4.49,4.33
2025-01-02,17.93,4.36,0.32,129.4598,73.79,2.88,4.4,4.33
2025-01-03,16.13,4.34,0.32,129.4535,74.64,2.81,4.31,4.33
2025-01-06,16.04,4.35,0.34,128.538,74.31,2.76,4.27,4.33
2025-01-07,17.82,4.35,0.37,128.613,74.99,2.79,4.27,4.33
2025-01-08,17.7,4.35,0.39,129.0785,73.99,2.84,4.29,4.33
2025-01-09,18.07,4.35,0.41,129.2827,,2.82,4.3,4.33
2025-01-10,19.54,4.36,0.37,129.8664,77.27,2.81,4.3,4.33
2025-01-13,19.19,4.37,0.39,130.0413,79.57,2.85,4.29,4.33
2025-01-14,18.71,4.36,0.41,129.3812,78.2,2.8,4.28,4.33
2025-01-15,16.12,4.35,0.39,129.2092,80.73,2.72,4.28,4.33
2025-01-16,16.6,4.34,0.38,129.436,79.35,2.73,4.29,4.33
2025-01-17,15.97,4.34,0.34,129.4859,78.56,2.64,4.29,4.33
2025-01-21,15.06,4.36,0.28,128.4151,76.79,2.61,4.29,4.33
2025-01-22,15.1,4.36,0.31,128.3402,76.12,2.59,4.3,4.33
2025-01-23,15.02,4.36,0.36,128.2162,75.03,2.61,4.35,4.33
2025-01-24,14.85,4.35,0.36,127.4611,74.97,2.6,4.34,4.33
2025-01-27,17.9,4.32,0.36,128.0912,73.51,2.66,4.34,4.33
2025-01-28,16.41,4.31,0.36,128.2817,74.15,2.66,4.35,4.33
2025-01-29,16.56,4.31,0.34,128.3418,72.94,2.68,4.35,4.33
2025-01-30,15.84,4.3,0.34,128.1004,73.1,2.67,4.36,4.33
2025-01-31,16.43,4.31,0.36,128.4828,72.84,2.68,4.38,4.33
2025-02-03,18.62,4.34,0.28,129.109,73.52,2.73,4.35,4.33
2025-02-04,17.21,4.33,0.31,128.1083,73.04,2.71,4.33,4.33
2025-02-05,15.77,4.33,0.26,127.9751,71.39,2.69,4.33,4.33
2025-02-06,15.5,4.34,0.24,128.2017,70.97,2.66,4.36,4.33
2025-02-07,16.54,4.35,0.2,128.4292,71.32,2.67,4.35,4.33
2025-02-10,15.81,4.35,0.23,128.6382,72.73,2.66,4.35,4.33
2025-02-11,16.02,4.35,0.25,128.4322,73.67,2.66,4.34,4.33
2025-02-12,15.89,4.35,0.26,128.3288,71.72,2.65,4.32,4.33
2025-02-13,15.1,4.34,0.21,127.8931,71.66,2.65,4.33,4.33
2025-02-14,14.77,4.34,0.21,127.1491,71.05,2.62,4.33,4.33
2025-02-18,15.35,4.34,0.26,127.2906,72.21,2.62,4.37,4.33
2025-02-19,15.27,4.34,0.25,127.7317,72.58,2.68,4.35,4.33
2025-02-20,15.66,4.33,0.22,127.1126,72.88,2.66,4.33,4.33
2025-02-21,18.21,4.32,0.23,127.1408,70.72,2.78,4.34,4.33
2025-02-24,18.98,4.31,0.27,127.1921,71.06,2.78,4.34,4.33
2025-02-25,19.43,4.3,0.23,127.3752,69.15,2.84,4.33,4.33
2025-02-26,19.1,4.31,0.2,127.2822,68.87,2.81,4.33,4.33
2025-02-27,21.13,4.32,0.22,127.9704,70.62,2.81,4.36,4.33
2025-02-28,19.63,4.32,0.25,128.2805,69.97,2.87,4.39,4.33
2025-03-03,22.78,4.35,0.2,127.75,68.63,2.94,4.33,4.33
2025-03-04,23.51,4.34,0.26,127.9966,68.47,2.99,4.33,4.33
2025-03-05,21.93,4.35,0.29,126.504,66.58,2.88,4.34,4.33
2025-03-06,24.87,4.34,0.33,126.1099,66.62,2.99,4.35,4.33
2025-03-07,23.37,4.34,0.33,125.9814,67.29,2.97,4.34,4.33
2025-03-10,27.86,4.33,0.33,126.268,66.31,3.16,4.33,4.33
2025-03-11,26.92,4.34,0.34,126.0457,66.52,3.22,4.32,4.33
2025-03-12,24.23,4.35,0.31,125.8664,67.65,3.2,4.31,4.33
2025-03-13,24.66,4.34,0.33,126.0031,66.82,3.4,4.3,4.33
2025-03-14,21.77,4.33,0.29,125.6942,67.43,3.25,4.3,4.33
2025-03-17,20.51,4.34,0.25,125.3688,67.84,3.18,4.32,4.33
2025-03-18,21.7,4.34,0.25,125.488,67.49,3.23,4.31,4.33
2025-03-19,19.9,4.33,0.26,125.8006,67.4,3.19,4.29,4.33
2025-03-20,19.8,4.33,0.29,125.985,68.55,3.17,4.29,4.33
2025-03-21,19.28,4.33,0.31,126.2679,68.52,3.21,4.3,4.33
2025-03-24,17.48,4.33,0.3,126.1956,69.46,3.05,4.31,4.33
2025-03-25,17.15,4.33,0.35,126.0535,69.48,3.09,4.33,4.33
2025-03-26,18.33,4.33,0.37,126.2364,70.05,3.19,4.35,4.33
2025-03-27,18.69,4.33,0.41,126.3626,70.3,3.27,4.36,4.33
2025-03-28,21.65,4.33,0.38,126.4187,69.74,3.47,4.34,4.33
2025-03-31,22.28,4.32,0.34,126.7075,71.87,3.55,4.41,4.33
2025-04-01,21.77,4.32,0.3,126.4338,71.61,3.5,4.39,4.33
2025-04-02,21.51,4.32,0.29,126.3811,72.12,3.42,4.37,4.33
2025-04-03,30.02,4.31,0.35,124.7316,67.43,4.01,4.39,4.33
2025-04-04,45.31,4.28,0.33,125.8129,62.42,4.45,4.35,4.33
2025-04-07,46.98,4.29,0.42,126.8282,61.05,4.61,4.33,4.33
2025-04-08,52.33,4.31,0.55,126.8668,60.04,4.57,4.4,4.33
2025-04-09,33.62,4.35,0.43,126.628,62.63,4.37,4.42,4.33
2025-04-10,40.72,4.34,0.56,125.089,60.57,4.42,4.37,4.33
2025-04-11,37.56,4.34,0.52,124.0163,61.91,4.26,4.33,4.33
2025-04-14,30.89,4.33,0.54,123.6598,61.99,4.14,4.33,4.33
2025-04-15,30.12,4.33,0.51,123.776,61.74,4.09,4.36,4.33
2025-04-16,32.64,4.33,0.52,123.2724,62.88,4.16,4.31,4.33
2025-04-17,29.65,4.34,0.53,123.1298,65.07,4.02,4.32,4.33
2025-04-18,,,,122.9865,,,,4.33
2025-04-21,33.82,4.34,0.67,122.3145,63.48,4.16,4.32,4.33
2025-04-22,30.57,4.33,0.65,122.4175,64.6,3.99,4.3,4.33
2025-04-23,28.45,4.33,0.59,123.0252,62.64,3.75,4.28,4.33
2025-04-24,26.47,4.32,0.55,122.9251,63.55,3.73,4.29,4.33
2025-04-25,24.84,4.32,0.55,122.8858,63.85,3.67,4.33,4.33
2025-04-28,25.15,4.32,0.56,122.7176,63.3,3.73,4.36,4.33
2025-04-29,24.17,4.31,0.54,122.5944,61.84,3.74,4.36,4.33
2025-04-30,24.7,4.31,0.57,122.5921,59.55,3.94,4.41,4.33
2025-05-01,24.6,4.31,0.55,123.1405,60.59,3.78,4.39,4.33
2025-05-02,22.68,4.33,0.5,122.4962,59.67,3.6,4.36,4.33
2025-05-05,23.64,4.33,0.53,122.2613,58.5,3.6,4.33,4.33
2025-05-06,24.76,4.33,0.52,122.0417,60.42,3.66,4.32,4.33
2025-05-07,23.55,4.34,0.48,122.117,59.42,3.67,4.3,4.33
2025-05-08,22.48,4.34,0.47,122.7568,61.25,3.51,4.29,4.33
2025-05-09,21.9,4.34,0.49,122.5191,62.37,3.53,4.28,4.33
2025-05-12,18.39,4.42,0.47,123.4863,63.32,3.15,4.28,4.33
2025-05-13,18.22,4.41,0.47,122.9583,65.04,3.09,4.3,4.33
2025-05-14,18.62,4.41,0.48,122.6746,64.48,3.1,4.29,4.33
2025-05-15,17.83,4.38,0.49,122.8174,63.03,3.2,4.31,4.33
2025-05-16,17.24,4.37,0.45,123.0737,63.84,3.16,4.3,4.33
2025-05-19,18.14,4.39,0.49,122.4186,63.98,3.21,4.29,4.33
2025-05-20,18.09,4.38,0.51,122.3199,63.97,3.2,4.27,4.33
2025-05-21,20.87,4.36,0.58,121.7496,62.93,3.25,4.26,4.33
2025-05-22,20.28,4.37,0.54,122.0429,62.55,3.32,4.26,4.33
2025-05-23,22.29,4.36,0.51,121.3837,62.89,3.4,4.26,4.33
2025-05-27,18.96,4.35,0.51,121.6099,61.61,3.24,4.31,4.33
2025-05-28,19.31,4.35,0.51,121.9888,62.54,3.23,4.33,4.33
2025-05-29,19.18,4.36,0.51,121.5617,61.66,3.22,4.33,4.33
2025-05-30,18.57,4.36,0.52,121.7674,61.46,3.31,4.35,4.33
2025-06-02,18.36,4.44,0.52,121.1881,63.27,3.27,4.35,4.33
2025-06-03,17.69,4.43,0.5,121.4592,64.1,3.19,4.32,4.33
2025-06-04,17.61,4.44,0.5,121.0539,63.57,3.23,4.28,4.33
2025-06-05,18.48,4.44,0.48,120.9596,64.06,3.18,4.29,4.33
2025-06-06,16.77,4.43,0.47,121.161,65.3,3.09,4.29,4.33
2025-06-09,17.16,4.44,0.48,120.9103,65.99,3.12,4.29,4.33
2025-06-10,16.95,4.45,0.46,121.0485,65.66,3.12,4.28,4.33
2025-06-11,17.26,4.45,0.47,120.587,68.91,3.12,4.28,4.33
2025-06-12,18.02,4.46,0.46,120.1723,68.73,3.17,4.28,4.33
2025-06-13,20.82,4.45,0.45,120.3245,73.84,3.18,4.28,4.33
2025-06-16,19.11,4.43,0.49,120.1565,72.53,3.1,4.32,4.33
2025-06-17,21.6,4.42,0.45,120.5048,75.62,3.17,4.31,4.33
2025-06-18,20.14,4.42,0.44,120.7305,75.89,3.16,4.28,4.33
2025-06-20,20.62,4.39,0.48,121.0408,75.72,3.13,4.29,4.33
2025-06-23,19.83,4.38,0.5,121.1694,69.36,3.12,4.29,4.33
2025-06-24,17.48,4.38,0.55,120.3645,65.45,3.06,4.3,4.33
2025-06-25,16.76,4.38,0.55,120.3336,65.98,3.04,4.36,4.33
2025-06-26,16.59,4.39,0.56,119.6451,66.44,3.04,4.4,4.33
2025-06-27,16.32,4.39,0.56,119.659,66.66,3.02,4.39,4.33
2025-06-30,16.73,4.41,0.52,119.4088,66.3,2.96,4.45,4.33
2025-07-01,16.83,4.4,0.48,119.3436,66.64,2.91,4.44,4.33
2025-07-02,16.64,4.41,0.52,119.3037,68.66,2.88,4.4,4.33
2025-07-03,16.38,4.42,0.47,119.2382,68.13,2.8,4.35,4.33
2025-07-07,17.79,4.42,0.5,119.6201,69.16,2.86,4.33,4.33
2025-07-08,16.81,4.42,0.52,119.8371,69.55,2.92,4.34,4.33
2025-07-09,15.94,4.42,0.48,119.7311,69.61,2.94,4.32,4.33
2025-07-10,15.78,4.42,0.49,119.8343,67.78,2.92,4.31,4.33
2025-07-11,16.4,4.41,0.53,119.9214,69.63,2.97,4.31,4.33
2025-07-14,17.2,4.42,0.53,120.2209,68.19,2.95,4.33,4.33
2025-07-15,17.38,4.42,0.55,120.5105,67.76,2.95,4.37,4.33
2025-07-16,17.16,4.41,0.58,120.4175,67.13,3.0,4.34,4.33
2025-07-17,16.52,4.41,0.56,120.6384,68.76,2.91,4.34,4.33
2025-07-18,16.41,4.4,0.56,120.356,68.53,2.93,4.3,4.33
2025-07-21,16.65,4.41,0.53,119.9961,68.39,2.89,4.28,4.33
2025-07-22,16.5,4.41,0.52,119.681,67.56,2.9,4.28,4.33
2025-07-23,15.37,4.41,0.52,119.5697,66.05,2.83,4.28,4.33
2025-07-24,15.39,4.42,0.52,119.5664,67.16,2.82,4.3,4.33
2025-07-25,14.93,4.42,0.49,119.9857,66.38,2.84,4.36,4.33
2025-07-28,15.03,4.4,0.51,120.6149,67.81,2.82,4.36,4.33
2025-07-29,15.98,4.4,0.48,120.9674,70.27,2.86,4.36,4.33
2025-07-30,15.48,4.41,0.44,121.4042,71.09,2.89,4.32,4.33
2025-07-31,16.72,4.41,0.43,121.721,70.36,2.86,4.39,4.33
2025-08-01,20.38,4.35,0.54,121.2122,68.39,3.13,4.34,4.33
2025-08-04,17.52,4.35,0.53,120.9859,67.33,3.02,4.33,4.33
2025-08-05,17.85,4.34,0.5,120.9082,66.2,2.98,4.34,4.33
2025-08-06,16.77,4.32,0.53,120.5082,65.38,2.98,4.34,4.33
2025-08-07,16.57,4.32,0.51,120.5043,64.9,2.95,4.35,4.33
2025-08-08,15.15,4.32,0.51,120.3329,64.94,2.94,4.35,4.33
2025-08-11,16.25,4.34,0.51,120.6892,65.03,2.94,4.34,4.33
2025-08-12,14.73,4.33,0.57,120.2736,64.22,2.93,4.36,4.33
2025-08-13,14.49,4.29,0.57,120.13,63.68,2.9,4.33,4.33
2025-08-14,14.83,4.3,0.55,120.6446,64.99,2.89,4.34,4.33
2025-08-15,15.09,4.3,0.58,120.3377,63.78,2.88,4.36,4.33
2025-08-18,14.99,4.33,0.57,120.5622,64.51,2.88,4.34,4.33
2025-08-19,15.57,4.3,0.55,120.7224,63.38,2.9,4.33,4.33
2025-08-20,15.69,4.3,0.55,120.7757,64.19,2.94,4.31,4.33
2025-08-21,16.6,4.32,0.54,121.0843,64.56,2.95,4.32,4.33
2025-08-22,14.22,4.27,0.58,120.2774,64.08,2.88,4.36,4.33
2025-08-25,14.79,4.29,0.55,120.4214,65.18,2.8,4.37,4.33
2025-08-26,14.62,4.28,0.65,120.5274,63.6,2.78,4.38,4.33
2025-08-27,14.85,4.26,0.65,120.7274,64.49,2.78,4.36,4.33
2025-08-28,14.43,4.26,0.6,120.2595,64.96,2.75,4.34,4.33
2025-08-29,15.36,4.23,0.64,120.2082,64.36,2.82,4.34,4.33
2025-09-02,17.17,4.2,0.62,120.6837,65.95,2.92,4.39,4.33
2025-09-03,16.35,4.18,0.61,120.5052,64.36,2.88,4.39,4.33
2025-09-04,15.3,4.16,0.58,120.7629,63.81,2.84,4.41,4.33
2025-09-05,15.18,4.07,0.59,120.1282,62.22,2.83,4.42,4.33
2025-09-08,15.11,4.1,0.56,120.0971,62.6,2.84,4.4,4.33
2025-09-09,15.04,4.1,0.54,120.1569,62.97,2.87,4.4,4.33
2025-09-10,15.35,4.09,0.5,120.1223,64.01,2.84,4.39,4.33
2025-09-11,14.71,4.08,0.49,119.9534,62.71,2.78,4.41,4.33
2025-09-12,14.76,4.08,0.5,120.0611,63.02,2.79,4.42,4.33
2025-09-15,15.69,4.06,0.51,119.5644,63.66,2.75,4.51,4.33
2025-09-16,16.36,4.04,0.53,119.1348,64.89,2.79,4.39,4.33
2025-09-17,15.72,4.02,0.54,119.1582,64.41,2.79,4.38,4.33
2025-09-18,15.7,4.03,0.54,119.6616,63.91,2.71,4.14,4.08
2025-09-19,15.45,4.03,0.57,119.7858,63.02,2.72,4.14,4.08
2025-09-22,16.1,4.0,0.54,119.8152,62.99,2.69,4.14,4.09
2025-09-23,16.64,4.0,0.59,119.6202,63.76,2.71,4.12,4.09
2025-09-24,16.18,4.02,0.59,120.1707,65.4,2.7,4.13,4.09
2025-09-25,16.74,4.04,0.54,120.5419,65.51,2.76,4.18,4.09
2025-09-26,15.29,4.02,0.57,120.4349,66.5,2.75,4.16,4.09
2025-09-29,16.12,4.04,0.52,120.115,64.27,2.74,4.13,4.09
2025-09-30,16.28,4.02,0.56,120.1368,63.17,2.8,4.24,4.09
2025-10-01,16.29,4.01,0.57,120.1502,62.59,2.81,4.2,4.09
2025-10-02,16.63,4.02,0.55,120.4296,61.28,2.81,4.2,4.09
2025-10-03,16.65,4.03,0.55,120.0881,61.65,2.8,4.18,4.09
2025-10-06,16.37,4.02,0.58,120.2722,62.49,2.76,4.15,4.09
2025-10-07,17.24,4.01,0.57,120.4884,62.52,2.82,4.14,4.09
2025-10-08,16.3,4.01,0.55,120.7766,63.37,2.84,4.12,4.1
2025-10-09,16.43,4.03,0.54,121.0902,62.36,2.95,4.13,4.1
2025-10-10,21.66,4.02,0.53,121.1163,59.75,3.18,4.15,4.1
2025-10-14,20.81,4.02,0.55,121.1822,59.52,3.11,4.19,4.1
2025-10-15,20.64,4.03,0.55,120.8642,59.08,2.95,4.29,4.1
2025-10-16,25.31,4.02,0.58,120.6698,58.29,3.04,4.3,4.11
2025-10-17,20.78,4.0,0.56,120.7028,58.3,3.04,4.18,4.11
2025-10-20,18.23,3.97,0.54,120.6209,58.34,2.99,4.16,4.11
2025-10-21,17.87,3.96,0.53,120.8895,58.66,2.97,4.23,4.11
2025-10-22,18.6,3.96,0.52,120.8958,59.3,3.01,4.21,4.11
2025-10-23,17.3,3.95,0.53,120.9531,62.44,2.96,4.24,4.11
2025-10-24,16.37,3.93,0.54,120.9345,62.27,2.88,4.24,4.11
2025-10-27,15.79,3.89,0.53,120.7988,62.13,2.8,4.27,4.12
2025-10-28,16.42,3.89,0.52,120.6361,60.97,2.82,4.31,4.12
2025-10-29,16.92,3.93,0.49,120.5312,61.26,2.76,4.27,4.12
2025-10-30,16.91,3.92,0.5,121.2832,61.36,2.85,4.04,3.87
2025-10-31,17.44,3.89,0.51,121.3859,61.75,2.94,4.22,3.86
2025-11-03,17.17,3.98,0.53,121.4512,61.79,3.04,4.13,3.87
2025-11-04,19.0,3.96,0.52,121.8271,61.38,3.13,4.0,3.87
2025-11-05,18.01,3.96,0.54,121.8482,60.4,3.05,3.91,3.87
2025-11-06,19.5,3.93,0.54,121.6948,60.24,3.13,3.92,3.87
2025-11-07,19.08,3.92,0.56,121.388,60.54,3.15,3.93,3.87
2025-11-10,17.6,3.95,0.55,121.2984,60.94,3.02,3.95,3.87
2025-11-12,17.51,3.95,0.52,121.0458,59.3,3.02,3.98,3.87
2025-11-13,20.0,3.96,0.53,120.7725,59.54,3.09,4.0,3.88
2025-11-14,19.83,3.95,0.52,120.9666,60.87,3.07,3.95,3.88
2025-11-17,22.38,3.97,0.53,121.1146,60.66,3.13,4.0,3.88
2025-11-18,24.69,3.94,0.54,121.2127,61.51,3.2,3.94,3.88
2025-11-19,23.66,3.95,0.55,121.4978,60.27,3.17,3.91,3.88
2025-11-20,26.42,3.94,0.55,121.6889,60.07,3.17,3.91,3.88
2025-11-21,23.43,3.9,0.55,121.8653,58.86,3.19,3.93,3.88
2025-11-24,20.52,3.91,0.58,121.9171,59.11,3.15,3.96,3.88
2025-11-25,18.56,3.9,0.58,121.6335,58.25,3.1,4.01,3.88
2025-11-26,17.19,3.92,0.55,121.2437,58.81,3.0,4.05,3.88
2025-11-28,16.35,3.88,0.55,121.0527,58.58,2.95,4.12,3.89
2025-12-01,17.24,3.81,0.55,120.9862,59.47,2.94,4.12,3.89
2025-12-02,16.59,3.77,0.58,121.1467,58.81,2.92,4.01,3.89
2025-12-03,16.08,3.72,0.57,120.7336,59.09,2.89,3.95,3.89
2025-12-04,15.78,3.71,0.59,120.6766,59.82,2.88,3.92,3.89
2025-12-05,15.41,3.71,0.58,120.6863,60.23,2.85,3.93,3.89
2025-12-08,16.66,3.73,0.6,120.776,59.04,2.89,3.95,3.89
2025-12-09,16.93,3.73,0.57,120.6832,58.4,2.89,3.93,3.89
2025-12-10,15.77,3.69,0.59,120.6752,58.67,2.91,3.9,3.89
2025-12-11,14.85,3.66,0.62,119.98,57.76,2.88,3.66,3.64
2025-12-12,15.74,3.63,0.67,120.1442,57.61,2.91,3.67,3.64
2025-12-15,16.5,3.65,0.67,119.9561,56.97,2.91,3.75,3.64
2025-12-16,16.48,3.64,0.67,119.8902,55.44,2.98,3.69,3.64
2025-12-17,17.62,3.64,0.67,120.155,56.07,2.99,3.69,3.64
2025-12-18,16.87,3.62,0.66,120.0528,56.22,2.95,3.66,3.64
2025-12-19,14.91,3.62,0.68,120.1652,56.8,2.9,3.66,3.64
2025-12-22,14.08,3.64,0.73,119.9912,58.18,2.88,3.68,3.64
2025-12-23,14.0,3.65,0.7,119.7057,58.55,2.83,3.66,3.64
2025-12-24,13.47,3.69,0.68,119.4372,58.72,2.84,3.66,3.64
2025-12-26,13.6,3.64,0.68,119.4723,56.6,2.86,3.76,3.64
2025-12-29,14.2,3.68,0.67,119.5899,57.89,2.87,3.77,3.64
2025-12-30,14.33,3.65,0.69,119.4939,57.79,2.84,3.71,3.64
2025-12-31,14.95,3.67,0.71,119.7456,57.26,2.81,3.87,3.64
2026-01-02,14.51,3.65,0.72,119.6059,57.21,2.83,3.75,3.64
2026-01-05,14.9,3.64,0.71,119.6192,58.1,2.81,3.7,3.64
2026-01-06,14.75,3.63,0.71,119.7807,56.97,2.79,3.66,3.64
2026-01-07,15.38,3.62,0.68,119.8719,56.01,2.79,3.65,3.64
2026-01-08,15.45,3.62,0.7,120.0904,57.74,2.76,3.64,3.64
2026-01-09,14.49,3.62,0.64,120.2215,58.96,2.74,3.64,3.64
2026-01-12,15.12,3.67,0.65,119.9958,59.39,2.74,3.64,3.64
2026-01-13,15.98,3.67,0.65,120.1401,60.85,2.75,3.65,3.64
2026-01-14,16.75,3.67,0.64,119.9537,61.84,2.76,3.64,3.64
2026-01-15,15.84,3.68,0.61,119.9951,59.13,2.71,3.66,3.64
2026-01-16,15.86,3.67,0.65,120.0838,59.4,2.65,3.65,3.64
2026-01-20,20.09,3.7,0.7,119.4455,60.3,2.73,3.64,3.64
2026-01-21,16.9,3.7,0.66,119.3431,60.38,2.69,3.63,3.64
2026-01-22,15.64,3.71,0.65,119.1962,59.24,2.64,3.64,3.64
2026-01-23,16.09,3.7,0.64,118.8976,60.7,2.68,3.65,3.64
2026-01-26,16.15,3.67,0.66,118.0525,60.46,2.69,3.66,3.64
2026-01-27,16.35,3.67,0.71,117.4523,62.04,2.71,3.66,3.64
2026-01-28,16.35,3.68,0.7,117.5117,62.75,2.72,3.64,3.64
2026-01-29,16.88,3.67,0.71,117.4396,64.77,2.77,3.65,3.64
2026-01-30,17.44,3.67,0.74,117.8996,64.5,2.8,3.68,3.64
2026-02-02,16.34,3.69,0.72,118.3609,61.6,2.81,3.69,3.64
2026-02-03,18.0,3.69,0.71,117.9764,62.62,2.85,3.69,3.64
2026-02-04,18.64,3.69,0.72,118.2602,64.56,2.86,3.65,3.64
2026-02-05,21.77,3.67,0.74,118.5034,62.9,2.97,3.65,3.64
2026-02-06,17.76,3.68,0.72,118.2407,63.77,2.87,3.64,3.64
2026-02-09,17.36,3.69,0.74,117.6392,64.53,2.84,3.63,3.64
2026-02-10,17.79,3.69,0.71,117.5216,64.2,2.86,3.65,3.64
2026-02-11,17.65,3.7,0.66,117.4601,64.8,2.84,3.65,3.64
2026-02-12,20.82,3.7,0.62,117.5376,63.08,2.92,3.65,3.64
2026-02-13,20.6,3.68,0.64,117.5258,63.05,2.95,3.66,3.64
2026-02-17,20.29,3.69,0.62,117.7375,62.53,2.94,3.71,3.64
2026-02-18,19.62,3.7,0.62,117.8426,65.33,2.86,3.73,3.64
2026-02-19,20.23,3.69,0.61,118.2354,66.66,2.88,3.67,3.64
2026-02-20,19.09,3.69,0.6,117.9917,66.69,2.86,3.66,3.64
2026-02-23,21.01,3.69,0.6,117.9395,66.36,2.95,3.66,3.64
2026-02-24,19.55,3.69,0.61,117.9463,65.62,2.97,3.67,3.64
2026-02-25,17.93,3.69,0.6,117.769,65.3,2.94,3.67,3.64
2026-02-26,18.63,3.68,0.6,117.9042,65.1,2.98,3.67,3.64
2026-02-27,19.86,3.67,0.59,117.8223,66.96,3.1,3.68,3.64
2026-03-02,21.44,3.72,0.58,118.667,71.13,3.03,3.71,3.64
2026-03-03,23.57,3.71,0.55,119.4341,74.48,3.08,3.7,3.64
2026-03-04,21.15,3.71,0.55,119.0705,74.58,2.97,3.67,3.64
2026-03-05,23.75,3.7,0.56,119.5683,80.88,3.0,3.66,3.64
2026-03-06,29.49,3.69,0.59,119.491,90.77,3.13,3.65,3.64
2026-03-09,25.5,3.71,0.56,119.5151,94.65,3.19,3.65,3.64
2026-03-10,24.93,3.71,0.58,118.7255,83.71,3.06,3.64,3.64
2026-03-11,24.23,3.71,0.57,119.2885,86.8,3.09,3.64,3.64
2026-03-12,27.29,3.72,0.51,119.8227,95.61,3.17,3.65,3.64
2026-03-13,27.19,3.72,0.55,120.5518,98.48,3.28,3.65,3.64
2026-03-16,23.51,3.72,0.55,120.097,93.39,3.27,3.7,3.64
2026-03-17,22.37,3.72,0.52,119.8328,96.01,3.22,3.65,3.64
2026-03-18,25.09,3.73,0.5,119.9276,96.12,3.2,3.62,3.64
2026-03-19,24.06,3.73,0.46,120.1802,96.11,3.27,3.62,3.64
2026-03-20,26.78,3.74,0.51,120.2757,98.71,3.24,3.62,3.64
2026-03-23,26.15,3.74,0.51,119.9371,89.33,3.19,3.62,3.64
2026-03-24,26.95,3.74,0.49,120.1295,93.18,3.19,3.63,3.64
2026-03-25,25.33,3.73,0.49,120.1282,91.51,3.17,3.64,3.64
2026-03-26,27.44,3.73,0.46,120.389,96.18,3.21,3.65,3.64
2026-03-27,31.05,3.73,0.56,120.8851,101.26,3.42,3.63,3.64
2026-03-30,30.61,3.71,0.53,121.2851,104.69,3.46,3.63,3.64
2026-03-31,25.25,3.7,0.51,121.035,102.86,3.28,3.68,3.64
2026-04-01,24.54,3.7,0.52,120.1198,101.9,3.16,3.65,3.64
2026-04-02,23.87,3.7,0.52,120.503,113.23,3.17,3.66,3.64
2026-04-03,,3.71,0.51,120.6565,,3.13,,3.64
2026-04-06,24.17,3.72,0.5,120.4302,114.01,3.05,3.65,3.64
2026-04-07,25.78,3.71,0.52,120.32,114.58,3.12,3.62,3.64
2026-04-08,21.04,3.69,0.5,119.0596,96.17,2.94,3.59,3.64
2026-04-09,19.49,3.68,0.51,118.8998,99.62,2.9,3.57,3.64
2026-04-10,19.23,3.69,0.5,118.8552,98.34,2.94,3.61,3.64
2026-04-13,19.12,3.71,0.52,118.9916,100.72,2.95,3.63,3.64
2026-04-14,18.36,3.71,0.5,118.3581,93.07,2.84,3.66,3.64
2026-04-15,18.17,3.71,0.53,118.3623,93.04,2.85,3.72,3.64
2026-04-16,17.94,3.7,0.54,118.3616,96.46,2.86,3.67,3.64
2026-04-17,17.48,3.7,0.55,118.0795,85.91,2.83,3.65,3.64
2026-04-20,18.87,3.71,0.54,118.2374,91.06,2.87,3.63,3.64
2026-04-21,19.5,3.69,0.52,118.4331,93.64,2.85,3.63,3.64
2026-04-22,18.92,3.69,0.51,118.6004,94.76,2.84,3.64,3.64
2026-04-23,19.31,3.69,0.51,118.7155,99.27,2.86,3.65,3.64
2026-04-24,18.71,3.69,0.53,118.7294,98.42,2.86,3.66,3.64
2026-04-27,18.02,3.68,0.57,118.5458,99.89,2.84,3.66,3.64
2026-04-28,17.83,3.68,0.52,118.7717,103.45,2.85,3.64,3.64
2026-04-29,18.81,3.68,0.5,119.0975,110.47,2.82,3.63,3.64
2026-04-30,16.89,3.68,0.52,118.671,108.64,2.83,3.66,3.64
2026-05-01,16.99,3.68,0.51,118.3926,105.38,2.77,3.64,3.64
2026-05-04,18.29,3.7,0.5,118.8264,109.76,2.78,3.63,3.64
2026-05-05,17.38,3.69,0.5,118.6207,105.66,2.77,3.62,3.64
2026-05-06,17.39,3.69,0.49,118.0982,98.75,2.75,3.61,3.64
2026-05-07,17.08,3.69,0.49,118.0116,98.38,2.79,3.6,3.63
2026-05-08,17.19,3.69,0.48,118.0392,98.87,2.81,3.6,3.63
2026-05-11,18.38,3.7,0.47,118.0562,101.56,2.79,3.6,3.63
2026-05-12,17.99,3.7,0.46,118.5238,,2.82,3.6,3.63
2026-05-13,17.87,3.69,0.48,118.4737,,2.82,3.59,3.63
2026-05-14,17.26,3.69,0.47,118.6696,,2.76,3.56,3.63
2026-05-15,18.43,3.69,0.5,119.2825,,2.8,3.55,3.63
2026-05-18,,,,,,,,
